"category","category_ko","order","emoji","unicode","name_ko","keywords_ko","emoji_version"
"smileys_people","사람과 몸","1","😀","1F600","활짝 웃는 얼굴","미소, 얼굴, 웃음, 스마일, 활짝 웃는 얼굴","1"
"smileys_people","사람과 몸","2","😃","1F603","눈을 크게 뜨고 웃는 얼굴","미소, 얼굴, 스마일, 입 벌리고 웃는 얼굴, 눈을 크게 뜨고 웃는 얼굴","0.6"
"smileys_people","사람과 몸","3","😄","1F604","미소 짓는 눈으로 활짝 웃는 얼굴","미소, 얼굴, 스마일, 입 벌리고 웃는 눈웃음 얼굴, 미소 짓는 눈으로 활짝 웃는 얼굴","0.6"
"smileys_people","사람과 몸","4","😁","1F601","미소 짓는 눈으로 웃는 얼굴","미소, 얼굴, 눈웃음, 스마일, 미소 짓는 눈으로 웃는 얼굴","0.6"
"smileys_people","사람과 몸","5","😆","1F606","눈 감고 웃는 얼굴","얼굴, 눈 감고 미소, 눈웃음짓는 얼굴, 입 벌리고 미소, 눈 감고 웃는 얼굴","0.6"
"smileys_people","사람과 몸","6","😅","1F605","웃고 있지만 당황한 얼굴","미소, 얼굴, 스마일, 식은땀, 웃는 얼굴, 땀 흘리며 웃는 얼굴, 웃고 있지만 당황한 얼굴","0.6"
"smileys_people","사람과 몸","7","🤣","1F923","바닥을 구르며 웃는 얼굴","바닥, 웃음, 구르기, 데굴데굴, 바닥을 구르며 웃는 얼굴","3"
"smileys_people","사람과 몸","8","😂","1F602","기쁨의 눈물을 흘리는 얼굴","기쁨, 눈물, 얼굴, 스마일, 기쁨의 눈물을 흘리는 얼굴","0.6"
"smileys_people","사람과 몸","9","🙂","1F642","살짝 미소 짓는 얼굴","미소, 얼굴, 살짝 미소 짓는 얼굴","1"
"smileys_people","사람과 몸","10","🙃","1F643","거꾸로 된 얼굴","얼굴, 뒤집힘, 위아래, 거꾸로 된 얼굴","1"
"smileys_people","사람과 몸","11","🫠","1FAE0","녹아 내리는 얼굴","녹아 내리는 얼굴","14"
"smileys_people","사람과 몸","12","😉","1F609","윙크하는 얼굴","얼굴, 윙크, 윙크하는 얼굴","0.6"
"smileys_people","사람과 몸","13","😊","1F60A","미소 짓는 눈으로 살짝 웃는 얼굴","미소, 얼굴, 눈웃음, 스마일, 웃는 얼굴, 미소 짓는 눈으로 살짝 웃는 얼굴","0.6"
"smileys_people","사람과 몸","14","😇","1F607","후광이 비치는 웃는 얼굴","미소, 얼굴, 스마일, 웃는 얼굴, 후광이 비치는 웃는 얼굴","1"
"smileys_people","사람과 몸","15","🥰","1F970","하트와 함께 웃는 얼굴","반한, 사랑하는, 사랑에 빠진, 하트와 함께 웃는 얼굴","11"
"smileys_people","사람과 몸","16","😍","1F60D","하트 뿅뿅 얼굴","사랑, 얼굴, 하트, 하트 눈 얼굴, 하트 뿅뿅 얼굴","0.6"
"smileys_people","사람과 몸","17","🤩","1F929","별 모양의 눈","별 눈, 반한 얼굴, 별 모양의 눈","5"
"smileys_people","사람과 몸","18","😘","1F618","키스를 날리는 얼굴","뽀뽀, 얼굴, 키스, 키스를 보내는 얼굴, 키스를 날리는 얼굴","0.6"
"smileys_people","사람과 몸","19","😗","1F617","입술을 내민 얼굴","뽀뽀, 얼굴, 키스, 키스하는 얼굴, 입술을 내민 얼굴","1"
"smileys_people","사람과 몸","20","☺️","263A-FE0F","웃음 짓는 얼굴","미소, 웃음, 스마일, 웃는 얼굴, 웃음 짓는 얼굴","0.6"
"smileys_people","사람과 몸","21","😚","1F61A","눈을 감은 채로 키스하는 얼굴","뽀뽀, 얼굴, 키스, 눈을 감은 채로 키스하는 얼굴","0.6"
"smileys_people","사람과 몸","22","😙","1F619","미소 짓는 눈으로 키스하는 얼굴","뽀뽀, 얼굴, 키스, 웃으면서 뽀뽀하는 얼굴, 웃으면서 입술을 내민 얼굴, 미소 짓는 눈으로 키스하는 얼굴","1"
"smileys_people","사람과 몸","23","🥲","1F972","눈물 흘리며 웃는 얼굴","감사, 긍지, 눈물, 미소, 안도, 눈물 흘리며 웃는 얼굴","13"
"smileys_people","사람과 몸","24","😋","1F60B","맛있는 음식을 음미하는 얼굴","얼굴, 맛있어, 맛있어하는 얼굴, 맛있는 음식을 음미하는 얼굴","0.6"
"smileys_people","사람과 몸","25","😛","1F61B","혀를 내민 얼굴","얼굴, 메롱하는 얼굴, 혀를 내민 얼굴","1"
"smileys_people","사람과 몸","26","😜","1F61C","윙크하면서 혀를 내민 얼굴","얼굴, 윙크하면서 메롱하는 얼굴, 윙크하면서 혀를 내민 얼굴","0.6"
"smileys_people","사람과 몸","27","🤪","1F92A","익살스러운 얼굴","괴짜, 괴짜 얼굴, 엉뚱한 얼굴, 익살스러운 얼굴","5"
"smileys_people","사람과 몸","28","😝","1F61D","눈을 감고 혀를 내민 얼굴","얼굴, 눈을 감고 메롱하는 얼굴, 눈을 감고 혀를 내민 얼굴","0.6"
"smileys_people","사람과 몸","29","🤑","1F911","돈 모양의 입이 있는 얼굴","돈, 입, 얼굴, 욕심, 탐욕, 돈 모양의 입이 있는 얼굴","1"
"smileys_people","사람과 몸","30","🤗","1F917","포옹하고 있는 얼굴","얼굴, 포옹, 환영, 반가워하는 얼굴, 포옹하고 있는 얼굴","1"
"smileys_people","사람과 몸","31","🤭","1F92D","손으로 입을 가린 얼굴","앗, 손으로 입을 가린 얼굴","5"
"smileys_people","사람과 몸","32","🫢","1FAE2","눈을 뜨고 손으로 입을 가린 얼굴","감탄, 당황, 놀라움, 서프라이즈, 믿기지 않음, 깜짝 놀란 열굴, 눈을 뜨고 손으로 입을 가린 얼굴","14"
"smileys_people","사람과 몸","33","🫣","1FAE3","한쪽 눈을 가리고 훔쳐보는 얼굴","매료됨, 훔쳐보기, 빤히 쳐다보기, 한쪽 눈을 가리고 훔쳐보는 얼굴","14"
"smileys_people","사람과 몸","34","🤫","1F92B","쉿 하는 얼굴","쉿, 조용, 쉿 하는 얼굴","5"
"smileys_people","사람과 몸","35","🤔","1F914","생각에 잠긴 얼굴","얼굴, 생각 중, 생각하는 얼굴, 생각에 잠긴 얼굴","1"
"smileys_people","사람과 몸","36","🫡","1FAE1","경례하는 얼굴","네, 응, 경례, 군대, 화창, 알았어, 경례하는 얼굴","14"
"smileys_people","사람과 몸","37","🤐","1F910","지퍼로 입을 잠근 얼굴","입, 비밀, 얼굴, 지퍼, 지퍼로 입을 잠근 얼굴","1"
"smileys_people","사람과 몸","38","🤨","1F928","눈썹을 치켜올린 얼굴","불신, 의심, 눈썹을 치켜올린 얼굴","5"
"smileys_people","사람과 몸","39","😐","1F610","덤덤한 얼굴","얼굴, 덤덤한 얼굴","0.7"
"smileys_people","사람과 몸","40","😑","1F611","표정 없는 얼굴","얼굴, 포커페이스, 무표정한 얼굴, 표정 없는 얼굴","1"
"smileys_people","사람과 몸","41","😶","1F636","입이 없는 얼굴","얼굴, 입 없음, 입이 없는 얼굴","1"
"smileys_people","사람과 몸","42","🫥","1FAE5","테두리가 점선으로 된 얼굴","숨기, 우울, 좌절, 내성적, 사라짐, 보이지 않음, 테두리가 점선으로 된 얼굴","14"
"smileys_people","사람과 몸","43","😶‍🌫️","1F636-200D-1F32B-FE0F","엉뚱한 생각에 잠긴 얼굴","멍, 멍함, 멍청한 얼굴, 안개 속 얼굴, 공상에 잠긴 얼굴, 엉뚱한 생각에 잠긴 얼굴","13.1"
"smileys_people","사람과 몸","44","😏","1F60F","히죽거리는 얼굴","히죽히죽, 웃는 얼굴, 히죽거리는 얼굴","0.6"
"smileys_people","사람과 몸","45","😒","1F612","재미 없어 하는 얼굴","얼굴, 지루함, 지루해하는 얼굴, 재미 없어 하는 얼굴","0.6"
"smileys_people","사람과 몸","46","🙄","1F644","눈을 굴리고 있는 얼굴","얼굴, 눈 굴리기, 눈을 굴리고 있는 얼굴","1"
"smileys_people","사람과 몸","47","😬","1F62C","찌푸린 얼굴","얼굴, 찡그림, 찌푸린 얼굴","1"
"smileys_people","사람과 몸","48","😮‍💨","1F62E-200D-1F4A8","날숨 쉬는 얼굴","날숨, 안도, 한숨, 속삭임, 휘파람, 날숨 쉬는 얼굴","13.1"
"smileys_people","사람과 몸","49","🤥","1F925","거짓말하는 얼굴","얼굴, 거짓말, 피노키오, 거짓말쟁이, 거짓말하는 얼굴","3"
"smileys_people","사람과 몸","50","🫨","1FAE8","요동치는 얼굴","얼굴, 지진, 충격, 요동침, 떨고 있음, 요동치는 얼굴","15"
"smileys_people","사람과 몸","51","🙂‍↔️","1F642-200D-2194-FE0F","고개를 흔들다","부정, 아니요, 도리도리, 고개를 흔들다","15.1"
"smileys_people","사람과 몸","52","🙂‍↕️","1F642-200D-2195-FE0F","고개를 끄덕이다","예, 긍정, 끄덕끄덕, 주억거리다, 고개를 끄덕이다","15.1"
"smileys_people","사람과 몸","53","😌","1F60C","안심한 얼굴","안도, 얼굴, 표정, 안심한 얼굴","0.6"
"smileys_people","사람과 몸","54","😔","1F614","수심에 찬 얼굴","낙담, 얼굴, 낙담한 얼굴, 수심 어린 얼굴, 수심에 찬 얼굴","0.6"
"smileys_people","사람과 몸","55","😪","1F62A","졸린 얼굴","얼굴, 졸림, 졸린 얼굴","0.6"
"smileys_people","사람과 몸","56","🤤","1F924","침 흘리는 얼굴","침, 얼굴, 주르륵, 침흘리기, 침 흘리는 얼굴","3"
"smileys_people","사람과 몸","57","😴","1F634","자고 있는 얼굴","얼굴, 졸고 있는 얼굴, 자고 있는 얼굴","1"
"smileys_people","사람과 몸","58","😷","1F637","마스크 낀 얼굴","감기, 얼굴, 황사, 마스크, 마스크 낀 얼굴","0.6"
"smileys_people","사람과 몸","59","🤒","1F912","체온계를 물고 있는 얼굴","병, 아픔, 얼굴, 체온계, 체온계를 물고 있는 얼굴","1"
"smileys_people","사람과 몸","60","🤕","1F915","머리에 붕대를 감은 얼굴","부상, 붕대, 상처, 얼굴, 머리에 붕대를 감은 얼굴","1"
"smileys_people","사람과 몸","61","🤢","1F922","구역질을 하는 얼굴","구토, 얼굴, 토하기, 속 울렁거림, 구역질을 하는 얼굴","3"
"smileys_people","사람과 몸","62","🤮","1F92E","토하는 얼굴","토, 토하는 얼굴","5"
"smileys_people","사람과 몸","63","🤧","1F927","재채기하는 얼굴","얼굴, 에취, 휴지, 재채기, 재채기하는 얼굴","3"
"smileys_people","사람과 몸","64","🥵","1F975","땀 흘리는","더운, 빨개진, 열나는, 더운 얼굴, 더위 먹은, 땀 흘리는","11"
"smileys_people","사람과 몸","65","🥶","1F976","새파랗게 질린","동상, 추운, 고드름, 얼어붙은, 추워하는 얼굴, 새파랗게 질린","11"
"smileys_people","사람과 몸","66","🥴","1F974","비뚤거리는 입","취한, 맛이 간, 어지러운, 헤롱거리는, 헤롱헤롱 얼굴, 비뚤거리는 입","11"
"smileys_people","사람과 몸","67","😵","1F635","어지러운 얼굴","얼굴, 어지러움, 어지러운 얼굴","0.6"
"smileys_people","사람과 몸","68","😵‍💫","1F635-200D-1F4AB","현기증 난 얼굴","현기증, 어지럼증, 나선형 눈, 현기증 난 얼굴","13.1"
"smileys_people","사람과 몸","69","🤯","1F92F","뚜껑 열린 머리","충격, 머리 폭발, 폭발하는 얼굴, 뚜껑 열린 머리","5"
"smileys_people","사람과 몸","70","🤠","1F920","카우보이 모자 쓴 얼굴","모자, 얼굴, 카우보이, 카우보이 모자 쓴 얼굴","3"
"smileys_people","사람과 몸","71","🥳","1F973","파티하는 얼굴","나팔, 축하, 파티, 고깔모자, 파티하는 얼굴","11"
"smileys_people","사람과 몸","72","🥸","1F978","변장한 얼굴","코, 가면, 변장, 안경, 얼굴, 변장한 얼굴","13"
"smileys_people","사람과 몸","73","😎","1F60E","선글라스 낀 얼굴","멋짐, 얼굴, 선글라스, 선글라스 낀 얼굴","1"
"smileys_people","사람과 몸","74","🤓","1F913","모범생 얼굴","괴짜, 얼굴, 모범생, 범생이, 공부벌레, 모범생 얼굴","1"
"smileys_people","사람과 몸","75","🧐","1F9D0","단안경을 쓴 얼굴","단안경을 쓴 얼굴","5"
"smileys_people","사람과 몸","76","😕","1F615","혼란스러워하는 얼굴","얼굴, 헷갈림, 혼란스러워하는 얼굴","1"
"smileys_people","사람과 몸","77","🫤","1FAE4","입이 한쪽으로 올라간 얼굴","별로, 실망, 의심, 확신이 없음, 입이 한쪽으로 올라간 얼굴","14"
"smileys_people","사람과 몸","78","😟","1F61F","걱정스러운 얼굴","걱정, 얼굴, 걱정스러운 얼굴","1"
"smileys_people","사람과 몸","79","🙁","1F641","살짝 찡그린 얼굴","얼굴, 찡그림, 살짝 찡그린 얼굴","1"
"smileys_people","사람과 몸","80","☹️","2639-FE0F","찡그린 얼굴","얼굴, 찡그림, 찡그린 얼굴","0.7"
"smileys_people","사람과 몸","81","😮","1F62E","입벌린 얼굴","얼굴, 입벌림, 입벌린 얼굴","1"
"smileys_people","사람과 몸","82","😯","1F62F","숨죽인 얼굴","얼굴, 숨죽임, 숨죽인 얼굴","1"
"smileys_people","사람과 몸","83","😲","1F632","깜짝 놀란 얼굴","얼굴, 충격, 놀라움, 놀란 얼굴, 깜짝 놀란 얼굴","0.6"
"smileys_people","사람과 몸","84","😳","1F633","달아오른 얼굴","얼굴, 붉힌 얼굴, 얼굴 붉힘, 상기된 얼굴, 달아오른 얼굴","0.6"
"smileys_people","사람과 몸","85","🥺","1F97A","자비를 구하는","애원하는, 글썽이는 눈, 애원하는 얼굴, 자비를 구하는","11"
"smileys_people","사람과 몸","86","🥹","1F979","눈물을 참는 얼굴","슬픔, 울음, 참음, 화난, 자랑스러움, 눈물을 참는 얼굴","14"
"smileys_people","사람과 몸","87","😦","1F626","입 벌리고 찌푸린 얼굴","얼굴, 찌푸린 얼굴, 입 벌리고 찌푸린 얼굴","1"
"smileys_people","사람과 몸","88","😧","1F627","괴로워하는 얼굴","얼굴, 괴로움, 괴로워하는 얼굴","1"
"smileys_people","사람과 몸","89","😨","1F628","공포에 가득찬 얼굴","공포, 얼굴, 두려움, 두려워하는 얼굴, 공포에 가득찬 얼굴","0.6"
"smileys_people","사람과 몸","90","😰","1F630","땀 흘리며 불안해하는 얼굴","얼굴, 식은땀, 땀 흘리며 불안해하는 얼굴","0.6"
"smileys_people","사람과 몸","91","😥","1F625","실망했지만 안도하는 얼굴","휴, 얼굴, 실망감, 안도감, 실망하는 얼굴, 실망했지만 안도하는 얼굴","0.6"
"smileys_people","사람과 몸","92","😢","1F622","우는 얼굴","눈물, 얼굴, 울음, 우는 얼굴","0.6"
"smileys_people","사람과 몸","93","😭","1F62D","엉엉 우는 얼굴","눈물, 얼굴, 대성통곡, 엉엉 우는 얼굴","0.6"
"smileys_people","사람과 몸","94","😱","1F631","공포에 절규하는 얼굴","공포, 비명, 얼굴, 소리 지르는 얼굴, 공포에 절규하는 얼굴","0.6"
"smileys_people","사람과 몸","95","😖","1F616","당혹한 얼굴","얼굴, 당혹함, 당혹한 얼굴","0.6"
"smileys_people","사람과 몸","96","😣","1F623","실수한 후 얼굴","얼굴, 얼빠짐, 참아내는 얼굴, 실수한 후 얼굴","0.6"
"smileys_people","사람과 몸","97","😞","1F61E","실망한 얼굴","실망, 얼굴, 실망한 얼굴","0.6"
"smileys_people","사람과 몸","98","😓","1F613","식은땀 흘리는 얼굴","얼굴, 식은땀, 식은땀 흘리는 얼굴","0.6"
"smileys_people","사람과 몸","99","😩","1F629","지친 얼굴","얼굴, 지침, 지친 얼굴","0.6"
"smileys_people","사람과 몸","100","😫","1F62B","피곤한 얼굴","얼굴, 피곤함, 피곤한 얼굴","0.6"
"smileys_people","사람과 몸","101","🥱","1F971","하품하는 얼굴","하품, 지루함, 피곤함, 하품하는 얼굴","12"
"smileys_people","사람과 몸","102","😤","1F624","화내며 씩씩거리는 얼굴","얼굴, 승리감, 이겼다, 화내며 씩씩거리는 얼굴","0.6"
"smileys_people","사람과 몸","103","😡","1F621","뾰로통한 얼굴","얼굴, 뾰로통함, 뾰로통한 얼굴","0.6"
"smileys_people","사람과 몸","104","😠","1F620","화난 얼굴","화, 분노, 얼굴, 화난 얼굴","0.6"
"smileys_people","사람과 몸","105","🤬","1F92C","욕하는 얼굴","욕, 욕하는 얼굴","5"
"smileys_people","사람과 몸","106","😈","1F608","머리에 뿔이 달린 웃는 얼굴","미소, 얼굴, 스마일, 웃는 얼굴, 머리에 뿔이 달린 웃는 얼굴","1"
"smileys_people","사람과 몸","107","👿","1F47F","머리에 뿔이 달린 화난 얼굴","꼬마 악마, 머리에 뿔이 달린 화난 얼굴","0.6"
"smileys_people","사람과 몸","108","💀","1F480","해골 바가지","해골, 해골 바가지","0.6"
"smileys_people","사람과 몸","109","☠️","2620-FE0F","해골과 뼈다귀","해골, 뼈다귀, 해골과 뼈다귀","1"
"smileys_people","사람과 몸","110","💩","1F4A9","똥무더기","똥, 똥무더기","0.6"
"smileys_people","사람과 몸","111","🤡","1F921","어릿광대 얼굴","광대, 얼굴, 어릿광대, 어릿광대 얼굴","3"
"smileys_people","사람과 몸","112","👹","1F479","도깨비 가면","가면, 도깨비, 도깨비 가면","0.6"
"smileys_people","사람과 몸","113","👺","1F47A","코주부 도깨비 가면","가면, 코주부 도깨비, 코주부 도깨비 가면","0.6"
"smileys_people","사람과 몸","114","👻","1F47B","고스트","유령, 귀신, 고스트","0.6"
"smileys_people","사람과 몸","115","👽","1F47D","에일리언","외계인, ufo, 왕눈이, 에일리언","0.6"
"smileys_people","사람과 몸","116","👾","1F47E","우주생명체","ufo, 몬스터, 외계인, 에일리언, 외계 괴물, 우주생명체","0.6"
"smileys_people","사람과 몸","117","🤖","1F916","로봇 얼굴","로봇, 얼굴, 로봇 얼굴","1"
"smileys_people","사람과 몸","118","😺","1F63A","입벌리고 활짝 웃는 고양이","고양이, 활짝 웃는 고양이 얼굴, 입벌리고 활짝 웃는 고양이","0.6"
"smileys_people","사람과 몸","119","😸","1F638","미소 짓는 눈으로 활짝 웃는 고양이 얼굴","고양이, 미소 짓는 눈으로 활짝 웃는 고양이 얼굴","0.6"
"smileys_people","사람과 몸","120","😹","1F639","기쁨의 눈물을 흘리는 고양이 얼굴","고양이, 기쁨의 눈물, 기뻐하면서 우는 고양이, 기쁨의 눈물을 흘리는 고양이 얼굴","0.6"
"smileys_people","사람과 몸","121","😻","1F63B","하트 눈 고양이 얼굴","고양이, 사랑에 빠진 고양이, 하트 눈 고양이 얼굴","0.6"
"smileys_people","사람과 몸","122","😼","1F63C","고소하다는 웃음 짓는 고양이","쌤통, 고양이, 썩소 짓는 고양이, 고소하다는 웃음 짓는 고양이","0.6"
"smileys_people","사람과 몸","123","😽","1F63D","눈 감고 뽀뽀하는 고양이","뽀뽀, 키스, 고양이, 키스하는 고양이 얼굴, 눈 감고 뽀뽀하는 고양이","0.6"
"smileys_people","사람과 몸","124","🙀","1F640","절규하는 고양이 얼굴","고양이, 맙소사, 절규하는 고양이 얼굴","0.6"
"smileys_people","사람과 몸","125","😿","1F63F","울고 있는 고양이 얼굴","훌쩍, 고양이, 울고 있는 고양이, 눈물 흘리는 고양이, 울고 있는 고양이 얼굴","0.6"
"smileys_people","사람과 몸","126","😾","1F63E","뾰로통한 고양이 얼굴","고양이, 토라짐, 뾰로통한 고양이 얼굴","0.6"
"smileys_people","사람과 몸","127","🙈","1F648","아무것도 안 보려는 원숭이","눈을 가리고 있는 원숭이, 손으로 눈을 가린 원숭이, 아무것도 안 보려는 원숭이","0.6"
"smileys_people","사람과 몸","128","🙉","1F649","아무것도 안 들리는 원숭이","귀를 막고 있는 원숭이, 손으로 귀를 가린 원숭이, 아무것도 안 들리는 원숭이","0.6"
"smileys_people","사람과 몸","129","🙊","1F64A","아무것도 말할 수 없는 원숭이","입을 막고 있는 원숭이, 손으로 입을 가린 원숭이, 아무것도 말할 수 없는 원숭이","0.6"
"smileys_people","사람과 몸","130","💌","1F48C","연애 편지","러브레터, 사랑 고백, 연애 편지","0.6"
"smileys_people","사람과 몸","131","💘","1F498","화살이 꽂힌 하트","사랑, 큐피드, 화살이 꽂힌 하트","0.6"
"smileys_people","사람과 몸","132","💝","1F49D","발렌타인 초콜렛 상자","리본, 사랑, 하트, 선물 상자, 리본 달린 하트, 발렌타인 초콜렛 상자","0.6"
"smileys_people","사람과 몸","133","💖","1F496","기쁨으로 가득찬 마음","사랑, 설렘, 두근거림, 빛나는 하트, 사랑의 기쁨, 기쁨으로 가득찬 마음","0.6"
"smileys_people","사람과 몸","134","💗","1F497","깊어지는 사랑","사랑, 커지는 하트, 커지는 마음, 깊어지는 마음, 깊어지는 사랑","0.6"
"smileys_people","사람과 몸","135","💓","1F493","두근거리는 마음","사랑, 두근두근, 떨리는 마음, 두근거리는 하트, 두근거리는 마음","0.6"
"smileys_people","사람과 몸","136","💞","1F49E","빙글빙글 하트","사랑, 하트, 귀여움, 사랑스러움, 회전하는 하트, 빙글빙글 하트","0.6"
"smileys_people","사람과 몸","137","💕","1F495","하트 두 개","사랑, 연인, 하트 두 개","0.6"
"smileys_people","사람과 몸","138","💟","1F49F","하트 장식","하트, 하트 장식","0.6"
"smileys_people","사람과 몸","139","❣️","2763-FE0F","하트 모양 느낌표","하트, 느낌표, 하트 모양 느낌표","1"
"smileys_people","사람과 몸","140","💔","1F494","이별의 아픔","결별, 이별, 헤어짐, 깨진 하트, 이별의 고통, 이별의 아픔","0.6"
"smileys_people","사람과 몸","141","❤️‍🔥","2764-FE0F-200D-1F525","불타는 사랑","마음, 사랑, 하트, 불 난 하트, 불타는 사랑","13.1"
"smileys_people","사람과 몸","142","❤️‍🩹","2764-FE0F-200D-1FA79","낫고 있는 하트","개선, 건강, 치유, 회복, 힐링, 낫고 있는 하트","13.1"
"smileys_people","사람과 몸","143","❤️","2764-FE0F","빨간색 하트","마음, 하트, 빨간색 하트","0.6"
"smileys_people","사람과 몸","144","🩷","1FA77","분홍색 하트","하트, 귀여움, 분홍색, 사랑해, 좋아해, 분홍색 하트","15"
"smileys_people","사람과 몸","145","🧡","1F9E1","주황색 하트","주황색 하트","5"
"smileys_people","사람과 몸","146","💛","1F49B","노란색 하트","사랑, 하트, 노란 하트, 노란색 하트","0.6"
"smileys_people","사람과 몸","147","💚","1F49A","초록색 하트","사랑, 하트, 녹색 하트, 초록색 하트","0.6"
"smileys_people","사람과 몸","148","💙","1F499","파란색 하트","사랑, 하트, 파란 하트, 파란색 하트","0.6"
"smileys_people","사람과 몸","149","🩵","1FA75","밝은 파란색 하트","푸른, 하트, 청록색, 밝은 파란색, 밝은 파란색 하트","15"
"smileys_people","사람과 몸","150","💜","1F49C","보라색 하트","사랑, 하트, 보라색 하트","0.6"
"smileys_people","사람과 몸","151","🤎","1F90E","갈색 하트","갈색, 하트, 갈색 하트","12"
"smileys_people","사람과 몸","152","🖤","1F5A4","검은색 하트","악, 검정, 블랙, 하트, 검은색 하트","3"
"smileys_people","사람과 몸","153","🩶","1FA76","슬레이트색","은색, 하트, 회색, 회색 하트, 슬레이트색","15"
"smileys_people","사람과 몸","154","🤍","1F90D","흰색 하트","하트, 흰색, 흰색 하트","12"
"smileys_people","사람과 몸","155","💋","1F48B","키스","쪽, 입술, 뽀뽀, 쪼옥, 키스","0.6"
"smileys_people","사람과 몸","156","💯","1F4AF","백점 표시","백점, 백점 표시","0.6"
"smileys_people","사람과 몸","157","💢","1F4A2","울컥","화, 화남, 울컥","0.6"
"smileys_people","사람과 몸","158","💥","1F4A5","충돌","꽝, 쾅, 충돌","0.6"
"smileys_people","사람과 몸","159","💫","1F4AB","어질어질","별, 띠용, 어지러움, 어질어질","0.6"
"smileys_people","사람과 몸","160","💦","1F4A6","삐질삐질","땀, 곤란, 당황, 삐질삐질","0.6"
"smileys_people","사람과 몸","161","💨","1F4A8","달려나감","슝, 후다닥, 달려나감","0.6"
"smileys_people","사람과 몸","162","🕳️","1F573-FE0F","검은 구멍","구멍, 검은 구멍","0.7"
"smileys_people","사람과 몸","163","💬","1F4AC","대화창","대화, 말풍선, 대화창","0.6"
"smileys_people","사람과 몸","164","👁️‍🗨️","1F441-FE0F-200D-1F5E8-FE0F","말풍선 속 눈","눈, 말풍선, 말풍선 속 눈","2"
"smileys_people","사람과 몸","165","🗨️","1F5E8-FE0F","왼쪽 말풍선","말, 말풍선, 왼쪽 말풍선","2"
"smileys_people","사람과 몸","166","🗯️","1F5EF-FE0F","화난 표현의 오른쪽 말풍선","화난, 말풍선, 화난 표현의 오른쪽 말풍선","0.7"
"smileys_people","사람과 몸","167","💭","1F4AD","생각 풍선","생각, 생각 풍선","1"
"smileys_people","사람과 몸","168","💤","1F4A4","자고 있음","졸림, 수면, 쿨쿨, 자고 있음","0.6"
"smileys_people","사람과 몸","169","👋","1F44B","흔드는 손","펼친 손, 흔드는 손","0.6"
"smileys_people","사람과 몸","170","🤚","1F91A","들어보이기","손등, 손바닥, 들어보이기","3"
"smileys_people","사람과 몸","171","🖐️","1F590-FE0F","쫙 편 손바닥","안녕, 인사, 손바닥, 쫙 편 손바닥","0.7"
"smileys_people","사람과 몸","172","✋","270B","보자기","보, 손바닥, 보자기","0.6"
"smileys_people","사람과 몸","173","🖖","1F596","벌칸식 인사","경례, 손 모양, 벌칸식 인사","1"
"smileys_people","사람과 몸","174","🫱","1FAF1","오른쪽으로 향하는 손등","손, 우측, 오른쪽, 우측 방향, 오른쪽 방향, 오른쪽으로 향하는 손등","14"
"smileys_people","사람과 몸","175","🫲","1FAF2","왼쪽으로 향하는 손바닥","손, 왼쪽, 좌측, 왼쪽 방향, 좌측 방향, 왼쪽으로 향하는 손바닥","14"
"smileys_people","사람과 몸","176","🫳","1FAF3","손바닥을 아래로 향한 손","물러나, 저리 가, 그만두라는 손, 손바닥을 아래로 향한 손","14"
"smileys_people","사람과 몸","177","🫴","1FAF4","손바닥을 위로 향한 손","잡기, 제안, 이리 와, 부르는 손, 손바닥을 위로 향한 손","14"
"smileys_people","사람과 몸","178","🫷","1FAF7","왼쪽으로 밀치는 손","거절, 그만, 기다려, 밀치기, 왼쪽 방향, 하이 파이브, 왼쪽으로 밀치는 손","15"
"smileys_people","사람과 몸","179","🫸","1FAF8","오른쪽으로 밀치는 손","거절, 그만, 기다려, 밀치기, 오른쪽 방향, 하이 파이브, 오른쪽으로 밀치는 손","15"
"smileys_people","사람과 몸","180","👌","1F44C","오케이를 표시한 손","돈, 오케이 신호, 오케이를 표시한 손","0.6"
"smileys_people","사람과 몸","181","🤌","1F90C","꼬집는 손가락","질문, 꼬집는, 손가락, 손동작, 빈정대는, 꼬집는 손가락","13"
"smileys_people","사람과 몸","182","🤏","1F90F","적은 양을 나타내는 손","꼬집는 손, 적은 양을 나타내는 손","12"
"smileys_people","사람과 몸","183","✌️","270C-FE0F","브이 표시","찌, 가위, 브이 표시","0.6"
"smileys_people","사람과 몸","184","🤞","1F91E","검지와 중지 크로스","검지, 교차, 중지, 손가락, 크로스, 검지와 중지 크로스","3"
"smileys_people","사람과 몸","185","🫰","1FAF0","엄지와 중지를 교차한 손","돈, 딱딱, 사랑, 하트, 너무 비싼, 엄지와 중지를 교차한 손","14"
"smileys_people","사람과 몸","186","🤟","1F91F","사랑을 표시하는 손","사랑해, 사랑 제스처, 사랑을 표시하는 손","5"
"smileys_people","사람과 몸","187","🤘","1F918","뿔 모양 손짓","힙합, 락 음악, 손 모양, 뿔 모양 손짓","1"
"smileys_people","사람과 몸","188","🤙","1F919","전화를 걸라는 손 모양","전화, 손가락, 손모양, 전화를 걸라는 손 모양","3"
"smileys_people","사람과 몸","189","👈","1F448","왼쪽을 가리키는 검지손가락","왼쪽, 검지손가락, 손가락 왼쪽으로, 왼쪽을 가리키는 손등, 손가락으로 왼쪽 가리키기, 왼쪽을 가리키는 검지손가락","0.6"
"smileys_people","사람과 몸","190","👉","1F449","오른쪽을 가리키는 검지손가락","오른쪽, 검지손가락, 손가락 오른쪽으로, 오른쪽을 가리키는 손등, 손가락으로 오른쪽 가리키기, 오른쪽을 가리키는 검지손가락","0.6"
"smileys_people","사람과 몸","191","👆","1F446","위를 가리키는 검지손가락","위, 위쪽, 검지손가락, 손가락 위로, 위쪽을 가리키는 손등, 손가락으로 위를 가리키기, 위를 가리키는 검지손가락","0.6"
"smileys_people","사람과 몸","192","🖕","1F595","가운데 손가락","중지, 욕설, 가운데 손가락","1"
"smileys_people","사람과 몸","193","👇","1F447","아래를 가리키는 검지손가락","아래, 아래쪽, 검지손가락, 손가락 아래로, 아래쪽을 가리키는 손등, 손가락으로 아래를 가리키기, 아래를 가리키는 검지손가락","0.6"
"smileys_people","사람과 몸","194","☝️","261D-FE0F","위쪽을 가리키는 손","검지, 가리키기, 위쪽을 가리키는 손","0.6"
"smileys_people","사람과 몸","195","🫵","1FAF5","보는 사람을 가리키는 검지","상대방, 가리키기, 보는 사람을 가리키는 검지","14"
"smileys_people","사람과 몸","196","👍","1F44D","올린 엄지","따봉, 최고, 좋아요, 올린 엄지","0.6"
"smileys_people","사람과 몸","197","👎","1F44E","내린 엄지","야유, 최악, 싫어요, 내린 엄지","0.6"
"smileys_people","사람과 몸","198","✊","270A","바위","묵, 주먹, 바위","0.6"
"smileys_people","사람과 몸","199","👊","1F44A","주먹 전면","주먹, 펀치, 주먹 전면","0.6"
"smileys_people","사람과 몸","200","🤛","1F91B","왼쪽을 향하는 주먹","왼쪽, 왼편, 주먹, 왼쪽을 향하는 주먹","3"
"smileys_people","사람과 몸","201","🤜","1F91C","오른쪽을 향하는 주먹","주먹, 오른쪽, 오른편, 오른쪽을 향하는 주먹","3"
"smileys_people","사람과 몸","202","👏","1F44F","손뼉 치기","손뼉, 박수, 박수 치기, 손뼉 치기","0.6"
"smileys_people","사람과 몸","203","🙌","1F64C","만세 하고 있는 사람","만세, 제스처, 하이파이브, 두 손을 든 사람, 만세 하고 있는 사람","0.6"
"smileys_people","사람과 몸","204","🫶","1FAF6","손 하트","사랑, 손 하트","14"
"smileys_people","사람과 몸","205","👐","1F450","양손을 모아서 벌린 모양","펼친 두 손, 두 손 펼치기, 양손을 모아서 벌린 모양","0.6"
"smileys_people","사람과 몸","206","🤲","1F932","내민 두 손","기도, 내민 두 손","5"
"smileys_people","사람과 몸","207","🤝","1F91D","회의","손, 악수, 미팅, 합의, 회의","3"
"smileys_people","사람과 몸","208","🙏","1F64F","두 손 모아 기도하는 사람","기도, 합장, 기도하는 사람, 두 손 모아 기도하는 사람","0.6"
"smileys_people","사람과 몸","209","✍️","270D-FE0F","글을 쓰고 있는 손","손, 연필 쥔 손, 글을 쓰고 있는 손","0.7"
"smileys_people","사람과 몸","210","💅","1F485","네일 케어","매니큐어, 네일 아트, 네일 케어","0.6"
"smileys_people","사람과 몸","211","🤳","1F933","카메라","셀카, 사진, 셀피, 카메라","3"
"smileys_people","사람과 몸","212","💪","1F4AA","이두박근","힘, 알통, 강함, 근육, 이두박근","0.6"
"smileys_people","사람과 몸","213","🦾","1F9BE","인공 팔","기계 팔, 인공 팔","12"
"smileys_people","사람과 몸","214","🦿","1F9BF","인공 기관","접근성, 인공 다리, 인공 기관","12"
"smileys_people","사람과 몸","215","🦵","1F9B5","다리 한쪽","킥, 한쪽 다리, 다리 한쪽","11"
"smileys_people","사람과 몸","216","🦶","1F9B6","발구르기","킥, 한쪽 발, 발 한쪽, 발구르기","11"
"smileys_people","사람과 몸","217","👂","1F442","몸","귀, 몸","0.6"
"smileys_people","사람과 몸","218","🦻","1F9BB","보청기를 낀 귀","접근성, 청각장애, 보청기를 낀 귀","12"
"smileys_people","사람과 몸","219","👃","1F443","몸","코, 몸","0.6"
"smileys_people","사람과 몸","220","🧠","1F9E0","뇌","뇌","5"
"smileys_people","사람과 몸","221","🫀","1FAC0","해부학","심장, 맥박, 장기, 심장학, 해부학","13"
"smileys_people","사람과 몸","222","🫁","1FAC1","들이마시기","폐, 숨, 장기, 호흡, 내쉬기, 들이마시기","13"
"smileys_people","사람과 몸","223","🦷","1F9B7","치과","이빨, 치과","11"
"smileys_people","사람과 몸","224","🦴","1F9B4","뼈다귀","뼈, 뼈다귀","11"
"smileys_people","사람과 몸","225","👀","1F440","왕눈이 눈알","신체, 얼굴, 왕눈이 눈알","0.6"
"smileys_people","사람과 몸","226","👁️","1F441-FE0F","얼굴","눈, 시력, 신체, 얼굴","0.7"
"smileys_people","사람과 몸","227","👅","1F445","메롱","혀, 몸, 메롱","0.6"
"smileys_people","사람과 몸","228","👄","1F444","몸","입, 몸","0.6"
"smileys_people","사람과 몸","229","🫦","1FAE6","입술을 깨물고 있는 입","겁, 걱정, 불안, 예민함, 초조함, 플러팅, 입술을 깨물고 있는 입","14"
"smileys_people","사람과 몸","230","👶","1F476","유아","아기, 유아","0.6"
"smileys_people","사람과 몸","231","🧒","1F9D2","어린이","어린이","5"
"smileys_people","사람과 몸","232","👦","1F466","남자 아이","소년, 남자 아이","0.6"
"smileys_people","사람과 몸","233","👧","1F467","여자 아이","소녀, 여자 아이","0.6"
"smileys_people","사람과 몸","234","🧑","1F9D1","성별 없음","사람, 성인, 성별 없음","5"
"smileys_people","사람과 몸","235","👱","1F471","금발인 사람","금발, 금발인 사람","0.6"
"smileys_people","사람과 몸","236","👨","1F468","성인","남자, 남성, 성인","0.6"
"smileys_people","사람과 몸","237","🧔","1F9D4","수염 난 사람","사람, 수염, 수염 난 사람","5"
"smileys_people","사람과 몸","238","🧔‍♂️","1F9D4-200D-2642-FE0F","수염 난 남자","남자, 수염, 수염 난 남자","13.1"
"smileys_people","사람과 몸","239","🧔‍♀️","1F9D4-200D-2640-FE0F","수염 난 여자","수염, 여자, 수염 난 여자","13.1"
"smileys_people","사람과 몸","240","👨‍🦰","1F468-200D-1F9B0","남자: 빨간 머리","남성, 남자, 성인, 빨간 머리, 남자: 빨간 머리","11"
"smileys_people","사람과 몸","241","👨‍🦱","1F468-200D-1F9B1","남자: 곱슬머리","남성, 남자, 성인, 곱슬머리, 남자: 곱슬머리","11"
"smileys_people","사람과 몸","242","👨‍🦳","1F468-200D-1F9B3","남자: 백발","남성, 남자, 백발, 성인, 남자: 백발","11"
"smileys_people","사람과 몸","243","👨‍🦲","1F468-200D-1F9B2","남자: 대머리","남성, 남자, 성인, 대머리, 남자: 대머리","11"
"smileys_people","사람과 몸","244","👩","1F469","여성","여자, 성인, 여성","0.6"
"smileys_people","사람과 몸","245","👩‍🦰","1F469-200D-1F9B0","여자: 빨간 머리","성인, 여성, 여자, 빨간 머리, 여자: 빨간 머리","11"
"smileys_people","사람과 몸","246","🧑‍🦰","1F9D1-200D-1F9B0","사람: 빨간 머리","사람, 성인, 빨간 머리, 성별 없음, 사람: 빨간 머리","12.1"
"smileys_people","사람과 몸","247","👩‍🦱","1F469-200D-1F9B1","여자: 곱슬머리","성인, 여성, 여자, 곱슬머리, 여자: 곱슬머리","11"
"smileys_people","사람과 몸","248","🧑‍🦱","1F9D1-200D-1F9B1","사람: 곱슬머리","사람, 성인, 곱슬머리, 성별 없음, 사람: 곱슬머리","12.1"
"smileys_people","사람과 몸","249","👩‍🦳","1F469-200D-1F9B3","여자: 백발","백발, 성인, 여성, 여자, 여자: 백발","11"
"smileys_people","사람과 몸","250","🧑‍🦳","1F9D1-200D-1F9B3","사람: 백발","백발, 사람, 성인, 성별 없음, 사람: 백발","12.1"
"smileys_people","사람과 몸","251","👩‍🦲","1F469-200D-1F9B2","여자: 대머리","성인, 여성, 여자, 대머리, 여자: 대머리","11"
"smileys_people","사람과 몸","252","🧑‍🦲","1F9D1-200D-1F9B2","사람: 대머리","사람, 성인, 대머리, 성별 없음, 사람: 대머리","12.1"
"smileys_people","사람과 몸","253","👱‍♀️","1F471-200D-2640-FE0F","금발 여자","금발, 여성, 여자, 금발 여자","4"
"smileys_people","사람과 몸","254","👱‍♂️","1F471-200D-2642-FE0F","금발 남자","금발, 남성, 남자, 금발 남자","4"
"smileys_people","사람과 몸","255","🧓","1F9D3","성별 없음","노인, 성인, 성별 없음","5"
"smileys_people","사람과 몸","256","👴","1F474","할아버지","남성, 남자, 노인, 성인, 할아버지","0.6"
"smileys_people","사람과 몸","257","👵","1F475","할머니","노인, 성인, 여성, 여자, 할머니","0.6"
"smileys_people","사람과 몸","258","🙍","1F64D","찌푸린 사람","짜증, 찌푸린 사람","0.6"
"smileys_people","사람과 몸","259","🙍‍♂️","1F64D-200D-2642-FE0F","찌푸린 남자","얼굴, 찌푸림, 찡그림, 찌푸린 남자","4"
"smileys_people","사람과 몸","260","🙍‍♀️","1F64D-200D-2640-FE0F","찌푸린 여자","얼굴, 찌푸림, 찡그림, 찌푸린 여자","4"
"smileys_people","사람과 몸","261","🙎","1F64E","뿌루퉁한 사람","뾰로통한 사람, 뿌루퉁한 사람","0.6"
"smileys_people","사람과 몸","262","🙎‍♂️","1F64E-200D-2642-FE0F","뾰로통한 여자","불만, 심통, 뾰로통, 뿌루퉁, 뾰로통한 남자, 뾰로통한 여자","4"
"smileys_people","사람과 몸","263","🙎‍♀️","1F64E-200D-2640-FE0F","뾰로통한 여자","불만, 심통, 뾰로통, 뿌루퉁, 뾰로통한 여자","4"
"smileys_people","사람과 몸","264","🙅","1F645","안 된다는 제스처를 하는 사람","손, 금지, 제스처, 안 된다는 제스처를 하는 사람","0.6"
"smileys_people","사람과 몸","265","🙅‍♂️","1F645-200D-2642-FE0F","안 된다는 제스처를 하는 남자","손동작, 안 돼, 엑스자, 안 된다는 제스처를 하는 남자","4"
"smileys_people","사람과 몸","266","🙅‍♀️","1F645-200D-2640-FE0F","안 된다는 제스처를 하는 여자","손동작, 안 돼, 엑스자, 안 된다는 제스처를 하는 여자","4"
"smileys_people","사람과 몸","267","🙆","1F646","오케이라는 제스처를 하는 사람","ok, 오케이, 오케이 제스처, 오케이라는 제스처를 하는 사람","0.6"
"smileys_people","사람과 몸","268","🙆‍♂️","1F646-200D-2642-FE0F","오케이라는 제스처를 하는 남자","ok, 좋아, 손동작, 오케이, 오케이라는 제스처를 하는 남자","4"
"smileys_people","사람과 몸","269","🙆‍♀️","1F646-200D-2640-FE0F","오케이라는 제스처를 하는 여자","ok, 좋아, 손동작, 오케이, 오케이라는 제스처를 하는 여자","4"
"smileys_people","사람과 몸","270","💁","1F481","손바닥 꺾은 사람","안내 데스크, 데스크 안내원, 손바닥 꺾은 사람","0.6"
"smileys_people","사람과 몸","271","💁‍♂️","1F481-200D-2642-FE0F","손바닥 꺾은 남자","손바닥, 손 꺾음, 젖힌 손, 손바닥 꺾은 남자","4"
"smileys_people","사람과 몸","272","💁‍♀️","1F481-200D-2640-FE0F","손바닥 꺾은 여자","손바닥, 손 꺾음, 젖힌 손, 손바닥 꺾은 여자","4"
"smileys_people","사람과 몸","273","🙋","1F64B","한 손을 들고 즐거워하는 사람","한 손 든 사람, 즐거워하는 사람, 한 손을 든 사람, 한 손을 들고 즐거워하는 사람","0.6"
"smileys_people","사람과 몸","274","🙋‍♂️","1F64B-200D-2642-FE0F","한 손 든 남자","저요, 한손, 손들기, 여기요, 한 손 든 남자","4"
"smileys_people","사람과 몸","275","🙋‍♀️","1F64B-200D-2640-FE0F","한 손 든 여자","저요, 한손, 손들기, 여기요, 한 손 든 여자","4"
"smileys_people","사람과 몸","276","🧏","1F9CF","청각 장애가 있는 사람","귀, 청력, 접근성, 청각장애, 청각 장애가 있는 사람","12"
"smileys_people","사람과 몸","277","🧏‍♂️","1F9CF-200D-2642-FE0F","청각장애가 있는 남자","남자, 청각장애, 청각장애가 있는 남자","12"
"smileys_people","사람과 몸","278","🧏‍♀️","1F9CF-200D-2640-FE0F","청각장애가 있는 여자","여자, 청각장애, 청각장애가 있는 여자","12"
"smileys_people","사람과 몸","279","🙇","1F647","사과하며 절하는 사람","절하는 사람, 사과하는 사람, 사과하며 절하는 사람","0.6"
"smileys_people","사람과 몸","280","🙇‍♂️","1F647-200D-2642-FE0F","절하는 남자","넙죽, 사과, 큰절, 정중함, 절하는 남자","4"
"smileys_people","사람과 몸","281","🙇‍♀️","1F647-200D-2640-FE0F","절하는 여자","넙죽, 사과, 큰절, 정중함, 절하는 여자","4"
"smileys_people","사람과 몸","282","🤦","1F926","골치 아파하는 사람","얼굴, 맙소사, 손바닥, 이럴 수가, 골치 아파하는 사람","3"
"smileys_people","사람과 몸","283","🤦‍♂️","1F926-200D-2642-FE0F","골치 아파하는 남자","맙소사, 이럴 수가, 이마에 손, 골치 아파하는 남자","4"
"smileys_people","사람과 몸","284","🤦‍♀️","1F926-200D-2640-FE0F","골치 아파하는 여자","맙소사, 이럴 수가, 이마에 손, 골치 아파하는 여자","4"
"smileys_people","사람과 몸","285","🤷","1F937","어깨를 으쓱하는 사람","글쎄, 으쓱, 상관없어, 어깨 으쓱, 잘 모르겠음, 어깨를 으쓱하는 사람","3"
"smileys_people","사람과 몸","286","🤷‍♂️","1F937-200D-2642-FE0F","어깨를 으쓱하는 남자","글쎄, 어깨, 모르겠음, 어깨를 으쓱하는 남자","4"
"smileys_people","사람과 몸","287","🤷‍♀️","1F937-200D-2640-FE0F","어깨를 으쓱하는 여자","글쎄, 어깨, 모르겠음, 어깨를 으쓱하는 여자","4"
"smileys_people","사람과 몸","288","🧑‍⚕️","1F9D1-200D-2695-FE0F","테라피스트","의료, 의사, 의료인, 간호사, 테라피스트","12.1"
"smileys_people","사람과 몸","289","👨‍⚕️","1F468-200D-2695-FE0F","남자 의료인","남자, 의료, 의사, 진료, 간호사, 의료인, 의료진, 테라피스트, 남자 의료인","4"
"smileys_people","사람과 몸","290","👩‍⚕️","1F469-200D-2695-FE0F","여자 의료인","여자, 의료, 의사, 진료, 간호사, 의료인, 의료진, 테라피스트, 여자 의료인","4"
"smileys_people","사람과 몸","291","🧑‍🎓","1F9D1-200D-1F393","학사모","학생, 졸업식, 학사모","12.1"
"smileys_people","사람과 몸","292","👨‍🎓","1F468-200D-1F393","학사모","남자, 학생, 남학생, 졸업식, 학사모","4"
"smileys_people","사람과 몸","293","👩‍🎓","1F469-200D-1F393","학사모","여자, 학생, 여학생, 졸업식, 학사모","4"
"smileys_people","사람과 몸","294","🧑‍🏫","1F9D1-200D-1F3EB","교수","교사, 강사, 교수","12.1"
"smileys_people","사람과 몸","295","👨‍🏫","1F468-200D-1F3EB","선생님","강사, 교사, 교수, 남자, 남교사, 강연자, 선생님","4"
"smileys_people","사람과 몸","296","👩‍🏫","1F469-200D-1F3EB","선생님","강사, 교사, 교수, 여자, 여교사, 강연자, 선생님","4"
"smileys_people","사람과 몸","297","🧑‍⚖️","1F9D1-200D-2696-FE0F","저울","판사, 저울","12.1"
"smileys_people","사람과 몸","298","👨‍⚖️","1F468-200D-2696-FE0F","남자 판사","남자, 정의, 판사, 법조인, 남자 판사","4"
"smileys_people","사람과 몸","299","👩‍⚖️","1F469-200D-2696-FE0F","여자 판사","여자, 정의, 판사, 법조인, 여자 판사","4"
"smileys_people","사람과 몸","300","🧑‍🌾","1F9D1-200D-1F33E","농장 주인","농부, 농사꾼, 농장 주인","12.1"
"smileys_people","사람과 몸","301","👨‍🌾","1F468-200D-1F33E","농장 주인","남자, 농부, 농사꾼, 남자 농부, 농장 주인","4"
"smileys_people","사람과 몸","302","👩‍🌾","1F469-200D-1F33E","농장 주인","농부, 여자, 농사꾼, 여자 농부, 농장 주인","4"
"smileys_people","사람과 몸","303","🧑‍🍳","1F9D1-200D-1F373","주방장","셰프, 요리사, 주방장","12.1"
"smileys_people","사람과 몸","304","👨‍🍳","1F468-200D-1F373","남자 요리사","남자, 셰프, 요리사, 주방장, 남자 요리사","4"
"smileys_people","사람과 몸","305","👩‍🍳","1F469-200D-1F373","여자 요리사","셰프, 여자, 요리사, 주방장, 여자 요리사","4"
"smileys_people","사람과 몸","306","🧑‍🔧","1F9D1-200D-1F527","전기 기사","정비공, 배관공, 전기 기사","12.1"
"smileys_people","사람과 몸","307","👨‍🔧","1F468-200D-1F527","남자 정비공","남자, 기술자, 배관공, 수리공, 정비공, 전기 기사, 남자 정비공","4"
"smileys_people","사람과 몸","308","👩‍🔧","1F469-200D-1F527","여자 정비공","여자, 기술자, 배관공, 수리공, 정비공, 전기 기사, 여자 정비공","4"
"smileys_people","사람과 몸","309","🧑‍🏭","1F9D1-200D-1F3ED","공장 직원","공업, 공장, 직원, 조립공, 공장 직원","12.1"
"smileys_people","사람과 몸","310","👨‍🏭","1F468-200D-1F3ED","공장 남자 직원","공업, 공장, 남자, 직원, 조립공, 공장 남자 직원","4"
"smileys_people","사람과 몸","311","👩‍🏭","1F469-200D-1F3ED","공장 여자 직원","공업, 공장, 여자, 직원, 조립공, 공장 여자 직원","4"
"smileys_people","사람과 몸","312","🧑‍💼","1F9D1-200D-1F4BC","화이트칼라","회사원, 건축가, 관리자, 매니저, 화이트칼라","12.1"
"smileys_people","사람과 몸","313","👨‍💼","1F468-200D-1F4BC","남자 회사원","남자, 건축가, 관리자, 매니저, 비즈니스맨, 화이트칼라, 남자 회사원","4"
"smileys_people","사람과 몸","314","👩‍💼","1F469-200D-1F4BC","여자 회사원","여자, 건축가, 관리자, 매니저, 샐러리맨, 비즈니스맨, 화이트칼라, 여자 회사원","4"
"smileys_people","사람과 몸","315","🧑‍🔬","1F9D1-200D-1F52C","생물학자","과학자, 기술자, 화학자, 물리학자, 생물학자","12.1"
"smileys_people","사람과 몸","316","👨‍🔬","1F468-200D-1F52C","남자 과학자","남자, 실험, 과학자, 실험실, 연구자, 화학자, 물리학자, 생물학자, 남자 과학자","4"
"smileys_people","사람과 몸","317","👩‍🔬","1F469-200D-1F52C","여자 과학자","실험, 여자, 과학자, 실험실, 연구자, 화학자, 물리학자, 생물학자, 여자 과학자","4"
"smileys_people","사람과 몸","318","🧑‍💻","1F9D1-200D-1F4BB","기술 전문가","코딩, 개발자, 발명가, 소프트웨어, 기술 전문가","12.1"
"smileys_people","사람과 몸","319","👨‍💻","1F468-200D-1F4BB","남자 기술 전문가","남자, 코딩, 개발자, 발명가, 전문가, 소프트웨어, 프로그래머, 기술 전문가, 남자 기술 전문가","4"
"smileys_people","사람과 몸","320","👩‍💻","1F469-200D-1F4BB","여자 기술 전문가","여자, 코딩, 개발자, 발명가, 전문가, 소프트웨어, 프로그래머, 기술 전문가, 여자 기술 전문가","4"
"smileys_people","사람과 몸","321","🧑‍🎤","1F9D1-200D-1F3A4","마이크","가수, 노래, 마이크","12.1"
"smileys_people","사람과 몸","322","👨‍🎤","1F468-200D-1F3A4","남자 가수","가수, 남자, 노래, 마이크, 남자 가수","4"
"smileys_people","사람과 몸","323","👩‍🎤","1F469-200D-1F3A4","여자 가수","가수, 노래, 여자, 마이크, 여자 가수","4"
"smileys_people","사람과 몸","324","🧑‍🎨","1F9D1-200D-1F3A8","아티스트","화가, 미술도구, 아티스트","12.1"
"smileys_people","사람과 몸","325","👨‍🎨","1F468-200D-1F3A8","남자 화가","미술, 화가, 미술도구, 아티스트, 남자 화가","4"
"smileys_people","사람과 몸","326","👩‍🎨","1F469-200D-1F3A8","여자 화가","미술, 화가, 미술도구, 아티스트, 여자 화가","4"
"smileys_people","사람과 몸","327","🧑‍✈️","1F9D1-200D-2708-FE0F","파일럿","기장, 비행, 파일럿","12.1"
"smileys_people","사람과 몸","328","👨‍✈️","1F468-200D-2708-FE0F","남자 기장","기장, 남자, 비행, 파일럿, 남자 기장","4"
"smileys_people","사람과 몸","329","👩‍✈️","1F469-200D-2708-FE0F","여자 기장","기장, 비행, 여자, 파일럿, 여자 기장","4"
"smileys_people","사람과 몸","330","🧑‍🚀","1F9D1-200D-1F680","우주비행사","로켓, 우주비행사","12.1"
"smileys_people","사람과 몸","331","👨‍🚀","1F468-200D-1F680","남자 우주비행사","남자, 로켓, 우주인, 우주비행사, 남자 우주비행사","4"
"smileys_people","사람과 몸","332","👩‍🚀","1F469-200D-1F680","여자 우주비행사","로켓, 여자, 우주인, 우주비행사, 여자 우주비행사","4"
"smileys_people","사람과 몸","333","🧑‍🚒","1F9D1-200D-1F692","소방차","소방관, 소방차","12.1"
"smileys_people","사람과 몸","334","👨‍🚒","1F468-200D-1F692","남자 소방관","구조, 화재, 소방관, 남자 소방관","4"
"smileys_people","사람과 몸","335","👩‍🚒","1F469-200D-1F692","여자 소방관","구조, 화재, 소방관, 여자 소방관","4"
"smileys_people","사람과 몸","336","👮","1F46E","경찰관","경찰, 경찰관","0.6"
"smileys_people","사람과 몸","337","👮‍♂️","1F46E-200D-2642-FE0F","남자 경찰관","경찰, 남자, 경찰관, 경찰복, 남자 경찰관","4"
"smileys_people","사람과 몸","338","👮‍♀️","1F46E-200D-2640-FE0F","여자 경찰관","경찰, 여자, 경찰관, 경찰복, 여자 경찰관","4"
"smileys_people","사람과 몸","339","🕵️","1F575-FE0F","스파이","탐정, 형사, 스파이","0.7"
"smileys_people","사람과 몸","340","🕵️‍♂️","1F575-FE0F-200D-2642-FE0F","남자 탐정","남자, 탐정, 형사, 스파이, 남자 탐정","4"
"smileys_people","사람과 몸","341","🕵️‍♀️","1F575-FE0F-200D-2640-FE0F","여자 탐정","여자, 탐정, 형사, 스파이, 여형사, 여자 탐정","4"
"smileys_people","사람과 몸","342","💂","1F482","경비대원","근위병, 경비대, 경비대원","0.6"
"smileys_people","사람과 몸","343","💂‍♂️","1F482-200D-2642-FE0F","남자 근위병","남자, 경비대, 근위병, 경비대원, 남자 근위병","4"
"smileys_people","사람과 몸","344","💂‍♀️","1F482-200D-2640-FE0F","여자 근위병","여자, 경비대, 근위병, 경비대원, 여자 근위병","4"
"smileys_people","사람과 몸","345","🥷","1F977","몰래 하기","닌자, 숨은, 전투원, 몰래 하기","13"
"smileys_people","사람과 몸","346","👷","1F477","건설 노동자","건설, 노동자, 안전모, 건설 노동자","0.6"
"smileys_people","사람과 몸","347","👷‍♂️","1F477-200D-2642-FE0F","건설 현장 남자 노동자","건설, 안전모, 건설노동자, 건설 현장 남자 노동자","4"
"smileys_people","사람과 몸","348","👷‍♀️","1F477-200D-2640-FE0F","건설 현장 여자 노동자","건설, 안전모, 건설노동자, 건설 현장 여자 노동자","4"
"smileys_people","사람과 몸","349","🫅","1FAC5","왕관을 쓴 사람","군주, 귀족, 왕실, 왕족, 왕관을 쓴 사람","14"
"smileys_people","사람과 몸","350","🤴","1F934","프린스","왕자, 왕자님, 프린스","3"
"smileys_people","사람과 몸","351","👸","1F478","프린세스","공주, 동화, 공주님, 판타지, 프린세스","0.6"
"smileys_people","사람과 몸","352","👳","1F473","터번을 쓰고 있는 사람","무슬림, 아랍인, 터번 쓴 사람, 터번을 쓰고 있는 사람","0.6"
"smileys_people","사람과 몸","353","👳‍♂️","1F473-200D-2642-FE0F","터번을 쓰고 있는 남자","터번, 무슬림, 아랍인, 터번 쓴 남자, 터번을 쓰고 있는 남자","4"
"smileys_people","사람과 몸","354","👳‍♀️","1F473-200D-2640-FE0F","터번을 쓰고 있는 여자","터번, 무슬림, 아랍인, 터번 쓴 여자, 터번을 쓰고 있는 여자","4"
"smileys_people","사람과 몸","355","👲","1F472","중국 전통 모자를 쓰고 있는 남자","남자, 모자, 과피모, 중국 전통 모자를 쓴 남자, 중국 전통 모자를 쓰고 있는 남자","0.6"
"smileys_people","사람과 몸","356","🧕","1F9D5","머리에 스카프를 두른 여자","히잡, 머리 스카프, 머리에 스카프를 두른 여자","5"
"smileys_people","사람과 몸","357","🤵","1F935","턱시도를 입은 사람","신랑, 결혼식, 턱시도, 턱시도를 입은 사람","3"
"smileys_people","사람과 몸","358","🤵‍♂️","1F935-200D-2642-FE0F","턱시도를 입은 남자","남자, 신랑, 턱시도, 턱시도를 입은 남자","13"
"smileys_people","사람과 몸","359","🤵‍♀️","1F935-200D-2640-FE0F","턱시도를 입은 여자","여자, 턱시도, 턱시도를 입은 여자","13"
"smileys_people","사람과 몸","360","👰","1F470","면사포를 쓴 신부","사람, 신부, 결혼식, 면사포, 면사포를 쓴 사람, 면사포를 쓴 신부","0.6"
"smileys_people","사람과 몸","361","👰‍♂️","1F470-200D-2642-FE0F","면사포를 쓴 남자","남자, 베일, 베일을 쓴 남자, 면사포를 쓴 남자","13"
"smileys_people","사람과 몸","362","👰‍♀️","1F470-200D-2640-FE0F","면사포를 쓴 여자","베일, 여자, 면사포, 베일을 쓴 여자, 면사포를 쓴 여자","13"
"smileys_people","사람과 몸","363","🤰","1F930","임신부","여성, 임신, 임산부, 임신부","3"
"smileys_people","사람과 몸","364","🫃","1FAC3","배가 터질 듯한","배, 부푼, 임신, 임신한 남자, 배가 터질 듯한","14"
"smileys_people","사람과 몸","365","🫄","1FAC4","배가 터질 듯한","배, 부푼, 임신, 임신한 사람, 배가 터질 듯한","14"
"smileys_people","사람과 몸","366","🤱","1F931","모유 수유","모유, 수유, 아기, 모유 수유","5"
"smileys_people","사람과 몸","367","👩‍🍼","1F469-200D-1F37C","수유 중인 여자","수유, 아기, 여자, 수유 중인 여자","13"
"smileys_people","사람과 몸","368","👨‍🍼","1F468-200D-1F37C","수유 중인 남자","남자, 수유, 아기, 수유 중인 남자","13"
"smileys_people","사람과 몸","369","🧑‍🍼","1F9D1-200D-1F37C","수유 중인 사람","남성, 부모, 수유, 아기, 여성, 수유 중인 사람","13"
"smileys_people","사람과 몸","370","👼","1F47C","아기 천사","천사, 아기 천사","0.6"
"smileys_people","사람과 몸","371","🎅","1F385","산타 할아버지","산타, 산타클로스, 크리스마스, 산타 할아버지","0.6"
"smileys_people","사람과 몸","372","🤶","1F936","크리스마스","산타, 산타할머니, 산타클로스, 크리스마스","3"
"smileys_people","사람과 몸","373","🧑‍🎄","1F9D1-200D-1F384","크리스마스","산타, 산타클로스, 크리스마스","13"
"smileys_people","사람과 몸","374","🦸","1F9B8","히어로","정의, 히로인, 초능력, 히어로","11"
"smileys_people","사람과 몸","375","🦸‍♂️","1F9B8-200D-2642-FE0F","남자 히어로","남자, 정의, 초능력, 히어로, 남자 히어로","11"
"smileys_people","사람과 몸","376","🦸‍♀️","1F9B8-200D-2640-FE0F","여자 히어로","여성, 정의, 초능력, 히로인, 히어로, 여자 히어로","11"
"smileys_people","사람과 몸","377","🦹","1F9B9","슈퍼 악당","빌런, 악당, 범죄자, 초능력, 슈퍼 악당","11"
"smileys_people","사람과 몸","378","🦹‍♂️","1F9B9-200D-2642-FE0F","남자 슈퍼 악당","빌런, 악당, 범죄자, 초능력, 남자 슈퍼 악당","11"
"smileys_people","사람과 몸","379","🦹‍♀️","1F9B9-200D-2640-FE0F","여자 슈퍼 악당","빌런, 악당, 여자, 범죄자, 초능력, 여자 슈퍼 악당","11"
"smileys_people","사람과 몸","380","🧙","1F9D9","마법사","마녀, 마법사","5"
"smileys_people","사람과 몸","381","🧙‍♂️","1F9D9-200D-2642-FE0F","남자 마법사","마법사, 남자 마법사","5"
"smileys_people","사람과 몸","382","🧙‍♀️","1F9D9-200D-2640-FE0F","여자 마법사","마녀, 마법사, 여자 마법사","5"
"smileys_people","사람과 몸","383","🧚","1F9DA","요정","요정","5"
"smileys_people","사람과 몸","384","🧚‍♂️","1F9DA-200D-2642-FE0F","남자 요정","남자 요정","5"
"smileys_people","사람과 몸","385","🧚‍♀️","1F9DA-200D-2640-FE0F","여자 요정","여자 요정","5"
"smileys_people","사람과 몸","386","🧛","1F9DB","드라큘라","언데드, 뱀파이어, 드라큘라","5"
"smileys_people","사람과 몸","387","🧛‍♂️","1F9DB-200D-2642-FE0F","남자 뱀파이어","언데드, 드라큘라, 남자 뱀파이어","5"
"smileys_people","사람과 몸","388","🧛‍♀️","1F9DB-200D-2640-FE0F","여자 뱀파이어","언데드, 드라큘라, 여자 뱀파이어","5"
"smileys_people","사람과 몸","389","🧜","1F9DC","인어","인어","5"
"smileys_people","사람과 몸","390","🧜‍♂️","1F9DC-200D-2642-FE0F","남자 인어","남자 인어","5"
"smileys_people","사람과 몸","391","🧜‍♀️","1F9DC-200D-2640-FE0F","여자 인어","여자 인어","5"
"smileys_people","사람과 몸","392","🧝","1F9DD","엘프","엘프","5"
"smileys_people","사람과 몸","393","🧝‍♂️","1F9DD-200D-2642-FE0F","남자 엘프","남자 엘프","5"
"smileys_people","사람과 몸","394","🧝‍♀️","1F9DD-200D-2640-FE0F","여자 엘프","여자 엘프","5"
"smileys_people","사람과 몸","395","🧞","1F9DE","정령","지니, 정령","5"
"smileys_people","사람과 몸","396","🧞‍♂️","1F9DE-200D-2642-FE0F","남자 지니","정령, 남자 지니","5"
"smileys_people","사람과 몸","397","🧞‍♀️","1F9DE-200D-2640-FE0F","여자 지니","정령, 여자 지니","5"
"smileys_people","사람과 몸","398","🧟","1F9DF","워킹 데드","좀비, 언데드, 워킹 데드","5"
"smileys_people","사람과 몸","399","🧟‍♂️","1F9DF-200D-2642-FE0F","워킹 데드","언데드, 남자 좀비, 워킹 데드","5"
"smileys_people","사람과 몸","400","🧟‍♀️","1F9DF-200D-2640-FE0F","여자 좀비","언데드, 워킹데드, 여자 좀비","5"
"smileys_people","사람과 몸","401","🧌","1F9CC","판타지","트롤, 괴물, 동화, 판타지","14"
"smileys_people","사람과 몸","402","💆","1F486","마사지 받는 사람","경락, 마사지, 마사지 받는 사람","0.6"
"smileys_people","사람과 몸","403","💆‍♂️","1F486-200D-2642-FE0F","마사지 받는 남자","두통, 지압, 마사지, 관자놀이, 마사지 받는 남자","4"
"smileys_people","사람과 몸","404","💆‍♀️","1F486-200D-2640-FE0F","마사지 받는 여자","두통, 지압, 마사지, 관자놀이, 마사지 받는 여자","4"
"smileys_people","사람과 몸","405","💇","1F487","가위와 빗","미용, 헤어컷, 가위와 빗","0.6"
"smileys_people","사람과 몸","406","💇‍♂️","1F487-200D-2642-FE0F","남자 헤어컷","가위, 미용실, 헤어컷, 남자 헤어컷","4"
"smileys_people","사람과 몸","407","💇‍♀️","1F487-200D-2640-FE0F","여자 헤어컷","가위, 미용실, 헤어컷, 여자 헤어컷","4"
"smileys_people","사람과 몸","408","🚶","1F6B6","걷는 사람","보행자, 보행자용, 걷는 사람","0.6"
"smileys_people","사람과 몸","409","🚶‍♂️","1F6B6-200D-2642-FE0F","걷는 남자","걷기, 도보, 워킹, 보행자, 걷는 남자","4"
"smileys_people","사람과 몸","410","🚶‍♀️","1F6B6-200D-2640-FE0F","걷는 여자","걷기, 도보, 워킹, 보행자, 걷는 여자","4"
"smileys_people","사람과 몸","411","🚶‍➡️","1F6B6-200D-27A1-FE0F","오른쪽을 향한 보행자","보행자, 보행자용, 걷는 사람, 오른쪽을 향한 보행자","15.1"
"smileys_people","사람과 몸","412","🚶‍♀️‍➡️","1F6B6-200D-2640-FE0F-200D-27A1-FE0F","오른쪽을 향한 걷는 여자","걷기, 도보, 워킹, 보행자, 걷는 여자, 오른쪽을 향한 걷는 여자","15.1"
"smileys_people","사람과 몸","413","🚶‍♂️‍➡️","1F6B6-200D-2642-FE0F-200D-27A1-FE0F","오른쪽을 향한 걷는 남자","걷기, 도보, 워킹, 보행자, 걷는 남자, 오른쪽을 향한 걷는 남자","15.1"
"smileys_people","사람과 몸","414","🧍","1F9CD","서 있는 사람","서 있는, 서 있는 사람","12"
"smileys_people","사람과 몸","415","🧍‍♂️","1F9CD-200D-2642-FE0F","서 있는 남자","남자, 서 있는, 서 있는 남자","12"
"smileys_people","사람과 몸","416","🧍‍♀️","1F9CD-200D-2640-FE0F","서 있는 여자","여자, 서 있는, 서 있는 여자","12"
"smileys_people","사람과 몸","417","🧎","1F9CE","무릎을 꿇은 사람","무릎을 꿇은, 무릎을 꿇은 사람","12"
"smileys_people","사람과 몸","418","🧎‍♂️","1F9CE-200D-2642-FE0F","무릎을 꿇은 남자","남자, 무릎을 꿇은, 무릎을 꿇은 남자","12"
"smileys_people","사람과 몸","419","🧎‍♀️","1F9CE-200D-2640-FE0F","무릎을 꿇은 여자","여자, 무릎을 꿇은, 무릎을 꿇은 여자","12"
"smileys_people","사람과 몸","420","🧎‍➡️","1F9CE-200D-27A1-FE0F","오른쪽을 향한 무릎을 꿇은 사람","무릎을 꿇은, 무릎을 꿇은 사람, 오른쪽을 향한 무릎을 꿇은 사람","15.1"
"smileys_people","사람과 몸","421","🧎‍♀️‍➡️","1F9CE-200D-2640-FE0F-200D-27A1-FE0F","오른쪽을 향한 무릎을 꿇은 여자","여자, 무릎을 꿇은, 무릎을 꿇은 여자, 오른쪽을 향한 무릎을 꿇은 여자","15.1"
"smileys_people","사람과 몸","422","🧎‍♂️‍➡️","1F9CE-200D-2642-FE0F-200D-27A1-FE0F","오른쪽을 향한 무릎을 꿇은 남자","남자, 무릎을 꿇은, 무릎을 꿇은 남자, 오른쪽을 향한 무릎을 꿇은 남자","15.1"
"smileys_people","사람과 몸","423","🧑‍🦯","1F9D1-200D-1F9AF","지팡이를 든 사람","접근성, 시각장애, 지팡이를 든 사람","12.1"
"smileys_people","사람과 몸","424","🧑‍🦯‍➡️","1F9D1-200D-1F9AF-200D-27A1-FE0F","오른쪽을 향한 지팡이를 든 사람","접근성, 시각장애, 지팡이를 든 사람, 오른쪽을 향한 지팡이를 든 사람","15.1"
"smileys_people","사람과 몸","425","👨‍🦯","1F468-200D-1F9AF","지팡이를 든 남자","남자, 접근성, 시각장애, 지팡이를 든 남자","12"
"smileys_people","사람과 몸","426","👨‍🦯‍➡️","1F468-200D-1F9AF-200D-27A1-FE0F","오른쪽을 향한 지팡이를 든 남자","남자, 접근성, 시각장애, 지팡이를 든 남자, 오른쪽을 향한 지팡이를 든 남자","15.1"
"smileys_people","사람과 몸","427","👩‍🦯","1F469-200D-1F9AF","지팡이를 든 여자","여자, 접근성, 시각장애, 지팡이를 든 여자","12"
"smileys_people","사람과 몸","428","👩‍🦯‍➡️","1F469-200D-1F9AF-200D-27A1-FE0F","오른쪽을 향한 지팡이를 든 여자","여자, 접근성, 시각장애, 지팡이를 든 여자, 오른쪽을 향한 지팡이를 든 여자","15.1"
"smileys_people","사람과 몸","429","🧑‍🦼","1F9D1-200D-1F9BC","전동 휠체어를 탄 사람","접근성, 전동 휠체어, 전동 휠체어를 탄 사람","12.1"
"smileys_people","사람과 몸","430","🧑‍🦼‍➡️","1F9D1-200D-1F9BC-200D-27A1-FE0F","오른쪽을 향한 전동 휠체어를 탄 사람","접근성, 전동 휠체어, 전동 휠체어를 탄 사람, 오른쪽을 향한 전동 휠체어를 탄 사람","15.1"
"smileys_people","사람과 몸","431","👨‍🦼","1F468-200D-1F9BC","전동 휠체어를 탄 남자","남자, 접근성, 휠체어, 전동 휠체어를 탄 남자","12"
"smileys_people","사람과 몸","432","👨‍🦼‍➡️","1F468-200D-1F9BC-200D-27A1-FE0F","오른쪽을 향한 전동 휠체어를 탄 남자","남자, 접근성, 휠체어, 전동 휠체어를 탄 남자, 오른쪽을 향한 전동 휠체어를 탄 남자","15.1"
"smileys_people","사람과 몸","433","👩‍🦼","1F469-200D-1F9BC","전동 휠체어를 탄 여자","여자, 접근성, 휠체어, 전동 휠체어를 탄 여자","12"
"smileys_people","사람과 몸","434","👩‍🦼‍➡️","1F469-200D-1F9BC-200D-27A1-FE0F","오른쪽을 향한 전동 휠체어를 탄 여자","여자, 접근성, 휠체어, 전동 휠체어를 탄 여자, 오른쪽을 향한 전동 휠체어를 탄 여자","15.1"
"smileys_people","사람과 몸","435","🧑‍🦽","1F9D1-200D-1F9BD","수동 휠체어를 탄 사람","접근성, 수동 휠체어, 수동 휠체어를 탄 사람","12.1"
"smileys_people","사람과 몸","436","🧑‍🦽‍➡️","1F9D1-200D-1F9BD-200D-27A1-FE0F","오른쪽을 향한 수동 휠체어를 탄 사람","접근성, 수동 휠체어, 수동 휠체어를 탄 사람, 오른쪽을 향한 수동 휠체어를 탄 사람","15.1"
"smileys_people","사람과 몸","437","👨‍🦽","1F468-200D-1F9BD","수동 휠체어를 탄 남자","남자, 접근성, 휠체어, 수동 휠체어를 탄 남자","12"
"smileys_people","사람과 몸","438","👨‍🦽‍➡️","1F468-200D-1F9BD-200D-27A1-FE0F","오른쪽을 향한 수동 휠체어를 탄 남자","남자, 접근성, 휠체어, 수동 휠체어를 탄 남자, 오른쪽을 향한 수동 휠체어를 탄 남자","15.1"
"smileys_people","사람과 몸","439","👩‍🦽","1F469-200D-1F9BD","수동 휠체어를 탄 여자","여자, 접근성, 휠체어, 수동 휠체어를 탄 여자","12"
"smileys_people","사람과 몸","440","👩‍🦽‍➡️","1F469-200D-1F9BD-200D-27A1-FE0F","오른쪽을 향한 수동 휠체어를 탄 여자","여자, 접근성, 휠체어, 수동 휠체어를 탄 여자, 오른쪽을 향한 수동 휠체어를 탄 여자","15.1"
"smileys_people","사람과 몸","441","🏃","1F3C3","뛰는 사람","뛰기, 런닝, 달리기, 마라톤, 뛰는 사람","0.6"
"smileys_people","사람과 몸","442","🏃‍♂️","1F3C3-200D-2642-FE0F","뛰는 남자","뛰기, 런닝, 달리기, 마라톤, 뛰는 남자","4"
"smileys_people","사람과 몸","443","🏃‍♀️","1F3C3-200D-2640-FE0F","뛰는 여자","뛰기, 런닝, 달리기, 마라톤, 뛰는 여자","4"
"smileys_people","사람과 몸","444","🏃‍➡️","1F3C3-200D-27A1-FE0F","오른쪽을 향한 뛰는 사람","뛰기, 런닝, 달리기, 마라톤, 뛰는 사람, 오른쪽을 향한 뛰는 사람","15.1"
"smileys_people","사람과 몸","445","🏃‍♀️‍➡️","1F3C3-200D-2640-FE0F-200D-27A1-FE0F","오른쪽을 향한 뛰는 여자","뛰기, 런닝, 달리기, 마라톤, 뛰는 여자, 오른쪽을 향한 뛰는 여자","15.1"
"smileys_people","사람과 몸","446","🏃‍♂️‍➡️","1F3C3-200D-2642-FE0F-200D-27A1-FE0F","오른쪽을 향한 뛰는 남자","뛰기, 런닝, 달리기, 마라톤, 뛰는 남자, 오른쪽을 향한 뛰는 남자","15.1"
"smileys_people","사람과 몸","447","💃","1F483","춤추는 여자","춤, 댄서, 댄스, 댄싱, 여성, 여자, 여자 댄서, 춤추는 여자","0.6"
"smileys_people","사람과 몸","448","🕺","1F57A","춤추는 남자","춤, 남성, 남자, 댄서, 댄스, 댄싱, 남자 댄서, 춤추는 남자","3"
"smileys_people","사람과 몸","449","🕴️","1F574-FE0F","공중에 떠 있는 정장 입은 남자","남자, 정장, 공중부양, 공중에 떠 있는 정장 입은 남자","0.7"
"smileys_people","사람과 몸","450","👯","1F46F","토끼 귀를 쓰고 춤추는 사람들","토끼 귀를 쓴 여자, 토끼 귀를 쓰고 춤추는 사람들","0.6"
"smileys_people","사람과 몸","451","👯‍♂️","1F46F-200D-2642-FE0F","토끼 귀를 쓰고 춤추는 남자들","댄서, 토끼, 두 남자, 토끼 귀, 토끼 귀를 쓰고 춤추는 남자들","4"
"smileys_people","사람과 몸","452","👯‍♀️","1F46F-200D-2640-FE0F","토끼 귀를 쓰고 춤추는 여자들","댄서, 토끼, 두 여자, 토끼 귀, 토끼 귀를 쓰고 춤추는 여자들","4"
"smileys_people","사람과 몸","453","🧖","1F9D6","사우나 하는 사람","사우나, 사우나 하는 사람","5"
"smileys_people","사람과 몸","454","🧖‍♂️","1F9D6-200D-2642-FE0F","사우나 하는 남자","사우나, 사우나 하는 남자","5"
"smileys_people","사람과 몸","455","🧖‍♀️","1F9D6-200D-2640-FE0F","사우나 하는 여자","사우나, 사우나 하는 여자","5"
"smileys_people","사람과 몸","456","🧗","1F9D7","클라이밍하는 사람","클라이밍, 클라이밍하는 사람","5"
"smileys_people","사람과 몸","457","🧗‍♂️","1F9D7-200D-2642-FE0F","클라이밍하는 남자","클라이밍, 클라이밍하는 남자","5"
"smileys_people","사람과 몸","458","🧗‍♀️","1F9D7-200D-2640-FE0F","클라이밍하는 여자","클라이밍, 클라이밍하는 여자","5"
"smileys_people","사람과 몸","459","🤺","1F93A","펜싱하는 사람","검, 선수, 펜싱, 스포츠, 펜싱하는 사람","3"
"smileys_people","사람과 몸","460","🏇","1F3C7","말과 기수","말, 승마, 스포츠, 말과 기수","1"
"smileys_people","사람과 몸","461","⛷️","26F7-FE0F","스키 타는 사람","스키, 스키타는 사람, 스키 타는 사람","0.7"
"smileys_people","사람과 몸","462","🏂","1F3C2","스노보드 타는 사람","운동, 스포츠, 스노보더, 스노보드 타는 사람","0.6"
"smileys_people","사람과 몸","463","🏌️","1F3CC-FE0F","골프치는 사람","공, 골프, 필드, 골프치는 사람","0.7"
"smileys_people","사람과 몸","464","🏌️‍♂️","1F3CC-FE0F-200D-2642-FE0F","골프치는 남자","골프, 스윙, 골프선수, 골프치는 남자","4"
"smileys_people","사람과 몸","465","🏌️‍♀️","1F3CC-FE0F-200D-2640-FE0F","골프치는 여자","골프, 스윙, 골프선수, 골프치는 여자","4"
"smileys_people","사람과 몸","466","🏄","1F3C4","서핑하는 사람","서퍼, 스포츠, 서핑하는 사람","0.6"
"smileys_people","사람과 몸","467","🏄‍♂️","1F3C4-200D-2642-FE0F","서핑하는 남자","서퍼, 서핑, 서핑보드, 수상스포츠, 서핑하는 남자","4"
"smileys_people","사람과 몸","468","🏄‍♀️","1F3C4-200D-2640-FE0F","서핑하는 여자","서퍼, 서핑, 서핑보드, 수상스포츠, 서핑하는 여자","4"
"smileys_people","사람과 몸","469","🚣","1F6A3","노 젓는 보트","보트, 노젓는 사람, 노 젓는 보트","1"
"smileys_people","사람과 몸","470","🚣‍♂️","1F6A3-200D-2642-FE0F","노젓는 남자","노, 배, 보트, 노젓기, 노젓는 남자","4"
"smileys_people","사람과 몸","471","🚣‍♀️","1F6A3-200D-2640-FE0F","노젓는 여자","노, 배, 보트, 노젓기, 노젓는 여자","4"
"smileys_people","사람과 몸","472","🏊","1F3CA","수영하는 사람","운동, 수영장, 스포츠, 수영 선수, 수영하는 사람","0.6"
"smileys_people","사람과 몸","473","🏊‍♂️","1F3CA-200D-2642-FE0F","수영하는 남자","수영, 헤엄, 수영장, 수영선수, 수영하는 남자","4"
"smileys_people","사람과 몸","474","🏊‍♀️","1F3CA-200D-2640-FE0F","수영하는 여자","수영, 헤엄, 수영장, 수영선수, 수영하는 여자","4"
"smileys_people","사람과 몸","475","⛹️","26F9-FE0F","공을 갖고 있는 사람","농구, 농구공, 농구선수, 공을 갖고 있는 사람","0.7"
"smileys_people","사람과 몸","476","⛹️‍♂️","26F9-FE0F-200D-2642-FE0F","공 가진 남자","공, 남자, 공놀이, 공 가진 남자","4"
"smileys_people","사람과 몸","477","⛹️‍♀️","26F9-FE0F-200D-2640-FE0F","공 가진 여자","공, 여자, 공놀이, 공 가진 여자","4"
"smileys_people","사람과 몸","478","🏋️","1F3CB-FE0F","역도 선수","역도, 역도선수, 역도 선수","0.7"
"smileys_people","사람과 몸","479","🏋️‍♂️","1F3CB-FE0F-200D-2642-FE0F","남자 역도 선수","역도, 역도선수, 남자 역도 선수","4"
"smileys_people","사람과 몸","480","🏋️‍♀️","1F3CB-FE0F-200D-2640-FE0F","여자 역도 선수","역도, 역도선수, 여자 역도 선수","4"
"smileys_people","사람과 몸","481","🚴","1F6B4","자전거 타는 사람","자전거 주행, 자전거 타는 사람","1"
"smileys_people","사람과 몸","482","🚴‍♂️","1F6B4-200D-2642-FE0F","자전거 타는 남자","선수, 바이커, 바이킹, 자전거, 자전거 타는 남자","4"
"smileys_people","사람과 몸","483","🚴‍♀️","1F6B4-200D-2640-FE0F","자전거 타는 여자","선수, 바이커, 바이킹, 자전거, 자전거 타는 여자","4"
"smileys_people","사람과 몸","484","🚵","1F6B5","산악 자전거 타는 사람","산악 자전거 주행, 산악 자전거 타는 사람","1"
"smileys_people","사람과 몸","485","🚵‍♂️","1F6B5-200D-2642-FE0F","산악 자전거 타는 남자","산, 남자, 자전거, 사이클링, 산악 자전거, 산악 자전거 타는 남자","4"
"smileys_people","사람과 몸","486","🚵‍♀️","1F6B5-200D-2640-FE0F","산악 자전거 타는 여자","산, 여자, 자전거, 사이클링, 산악 자전거, 산악 자전거 타는 여자","4"
"smileys_people","사람과 몸","487","🤸","1F938","옆돌기하는 사람","체조, 옆돌기, 풍차돌리기, 옆돌기하는 사람","3"
"smileys_people","사람과 몸","488","🤸‍♂️","1F938-200D-2642-FE0F","옆돌기하는 남자","체조, 옆돌기, 풍차돌리기, 옆돌기하는 남자","4"
"smileys_people","사람과 몸","489","🤸‍♀️","1F938-200D-2640-FE0F","옆돌기하는 여자","체조, 옆돌기, 풍차돌리기, 옆돌기하는 여자","4"
"smileys_people","사람과 몸","490","🤼","1F93C","레슬링하는 사람","레슬러, 레슬링, 스포츠, 레슬링 선수, 레슬링하는 사람","3"
"smileys_people","사람과 몸","491","🤼‍♂️","1F93C-200D-2642-FE0F","레슬링하는 남자","시합, 레슬러, 레슬링, 레슬링하는 남자","4"
"smileys_people","사람과 몸","492","🤼‍♀️","1F93C-200D-2640-FE0F","레슬링하는 여자","시합, 레슬러, 레슬링, 레슬링하는 여자","4"
"smileys_people","사람과 몸","493","🤽","1F93D","수구하는 사람","수구, 스포츠, 워터폴로, 수구하는 사람","3"
"smileys_people","사람과 몸","494","🤽‍♂️","1F93D-200D-2642-FE0F","수구하는 남자","수구, 수영복, 워터폴로, 수상스포츠, 수구하는 남자","4"
"smileys_people","사람과 몸","495","🤽‍♀️","1F93D-200D-2640-FE0F","수구하는 여자","수구, 수영복, 워터폴로, 수상스포츠, 수구하는 여자","4"
"smileys_people","사람과 몸","496","🤾","1F93E","핸드볼하는 사람","선수, 스포츠, 핸드볼, 구기종목, 핸드볼하는 사람","3"
"smileys_people","사람과 몸","497","🤾‍♂️","1F93E-200D-2642-FE0F","핸드볼하는 남자","스포츠, 핸드볼, 구기종목, 핸드볼하는 남자","4"
"smileys_people","사람과 몸","498","🤾‍♀️","1F93E-200D-2640-FE0F","핸드볼하는 여자","스포츠, 핸드볼, 구기종목, 핸드볼하는 여자","4"
"smileys_people","사람과 몸","499","🤹","1F939","저글링하는 사람","저글, 저글링, 저글링하는 사람","3"
"smileys_people","사람과 몸","500","🤹‍♂️","1F939-200D-2642-FE0F","저글링하는 남자","저글, 저글링, 저글링하는 남자","4"
"smileys_people","사람과 몸","501","🤹‍♀️","1F939-200D-2640-FE0F","저글링하는 여자","저글, 저글링, 저글링하는 여자","4"
"smileys_people","사람과 몸","502","🧘","1F9D8","가부좌한 사람","요가, 가부좌, 가부좌한 사람","5"
"smileys_people","사람과 몸","503","🧘‍♂️","1F9D8-200D-2642-FE0F","가부좌한 남자","요가, 가부좌, 가부좌한 남자","5"
"smileys_people","사람과 몸","504","🧘‍♀️","1F9D8-200D-2640-FE0F","가부좌한 여자","요가, 가부좌, 가부좌한 여자","5"
"smileys_people","사람과 몸","505","🛀","1F6C0","목욕하는 사람","욕조, 목욕하는 사람","0.6"
"smileys_people","사람과 몸","506","🛌","1F6CC","침대에 누운 사람","침대, 호텔, 침대에 누운 사람","1"
"smileys_people","사람과 몸","507","🧑‍🤝‍🧑","1F9D1-200D-1F91D-200D-1F9D1","손을 잡고 있는 두 명의 사람","손, 사람, 커플, 손을 잡고 있는 두 명의 사람","12"
"smileys_people","사람과 몸","508","👭","1F46D","손을 잡고 있는 두 명의 여자","친구들, 동성 연인, 동성 커플, 여성 커플, 손을 잡고 있는 두 명의 여자","1"
"smileys_people","사람과 몸","509","👫","1F46B","손을 잡고 있는 남녀","연인, 커플, 남녀 커플, 손을 잡고 있는 남녀","0.6"
"smileys_people","사람과 몸","510","👬","1F46C","손을 잡고 있는 두 명의 남자","친구들, 남성 커플, 동성 연인, 동성 커플, 손을 잡고 있는 두 명의 남자","1"
"smileys_people","사람과 몸","511","💏","1F48F","연애","키스, 사랑, 연애","0.6"
"smileys_people","사람과 몸","512","👩‍❤️‍💋‍👨","1F469-200D-2764-FE0F-200D-1F48B-200D-1F468","키스: 여자 남자","남자, 사랑, 여자, 연애, 키스, 키스: 여자 남자","2"
"smileys_people","사람과 몸","513","👨‍❤️‍💋‍👨","1F468-200D-2764-FE0F-200D-1F48B-200D-1F468","키스: 남자 남자","남자, 사랑, 연애, 키스, 키스: 남자 남자","2"
"smileys_people","사람과 몸","514","👩‍❤️‍💋‍👩","1F469-200D-2764-FE0F-200D-1F48B-200D-1F469","키스: 여자 여자","사랑, 여자, 연애, 키스, 키스: 여자 여자","2"
"smileys_people","사람과 몸","515","💑","1F491","연애 중","연인, 사랑, 연애, 연애 중","0.6"
"smileys_people","사람과 몸","516","👩‍❤️‍👨","1F469-200D-2764-FE0F-200D-1F468","연인: 여자 남자","남자, 사랑, 여자, 연애, 연인, 연애 중, 연인: 여자 남자","2"
"smileys_people","사람과 몸","517","👨‍❤️‍👨","1F468-200D-2764-FE0F-200D-1F468","연인: 남자 남자","남자, 사랑, 연애, 연인, 연애 중, 연인: 남자 남자","2"
"smileys_people","사람과 몸","518","👩‍❤️‍👩","1F469-200D-2764-FE0F-200D-1F469","연인: 여자 여자","사랑, 여자, 연애, 연인, 연애 중, 연인: 여자 여자","2"
"smileys_people","사람과 몸","519","👨‍👩‍👦","1F468-200D-1F469-200D-1F466","가족: 남자 여자 남자 아이","가족, 남자, 아빠, 아이, 엄마, 여자, 사람들, 가족: 남자 여자 남자 아이","2"
"smileys_people","사람과 몸","520","👨‍👩‍👧","1F468-200D-1F469-200D-1F467","가족: 남자 여자 여자 아이","가족, 남자, 아빠, 아이, 엄마, 여자, 사람들, 가족: 남자 여자 여자 아이","2"
"smileys_people","사람과 몸","521","👨‍👩‍👧‍👦","1F468-200D-1F469-200D-1F467-200D-1F466","가족: 남자 여자 여자 아이 남자 아이","가족, 남자, 아빠, 아이, 엄마, 여자, 사람들, 가족: 남자 여자 여자 아이 남자 아이","2"
"smileys_people","사람과 몸","522","👨‍👩‍👦‍👦","1F468-200D-1F469-200D-1F466-200D-1F466","가족: 남자 여자 남자 아이 남자 아이","가족, 남자, 아빠, 아이, 엄마, 여자, 사람들, 가족: 남자 여자 남자 아이 남자 아이","2"
"smileys_people","사람과 몸","523","👨‍👩‍👧‍👧","1F468-200D-1F469-200D-1F467-200D-1F467","가족: 남자 여자 여자 아이 여자 아이","가족, 남자, 아빠, 아이, 엄마, 여자, 사람들, 가족: 남자 여자 여자 아이 여자 아이","2"
"smileys_people","사람과 몸","524","👨‍👨‍👦","1F468-200D-1F468-200D-1F466","가족: 남자 남자 남자 아이","가족, 남자, 아빠, 아이, 엄마, 사람들, 가족: 남자 남자 남자 아이","2"
"smileys_people","사람과 몸","525","👨‍👨‍👧","1F468-200D-1F468-200D-1F467","가족: 남자 남자 여자 아이","가족, 남자, 아빠, 아이, 엄마, 사람들, 여자 아이, 가족: 남자 남자 여자 아이","2"
"smileys_people","사람과 몸","526","👨‍👨‍👧‍👦","1F468-200D-1F468-200D-1F467-200D-1F466","가족: 남자 남자 여자 아이 남자 아이","가족, 남자, 아빠, 아이, 엄마, 사람들, 여자 아이, 가족: 남자 남자 여자 아이 남자 아이","2"
"smileys_people","사람과 몸","527","👨‍👨‍👦‍👦","1F468-200D-1F468-200D-1F466-200D-1F466","가족: 남자 남자 남자 아이 남자 아이","가족, 남자, 아빠, 아이, 엄마, 사람들, 가족: 남자 남자 남자 아이 남자 아이","2"
"smileys_people","사람과 몸","528","👨‍👨‍👧‍👧","1F468-200D-1F468-200D-1F467-200D-1F467","가족: 남자 남자 여자 아이 여자 아이","가족, 남자, 아빠, 아이, 엄마, 사람들, 여자 아이, 가족: 남자 남자 여자 아이 여자 아이","2"
"smileys_people","사람과 몸","529","👩‍👩‍👦","1F469-200D-1F469-200D-1F466","가족: 여자 여자 남자 아이","가족, 아빠, 아이, 엄마, 여자, 사람들, 남자 아이, 가족: 여자 여자 남자 아이","2"
"smileys_people","사람과 몸","530","👩‍👩‍👧","1F469-200D-1F469-200D-1F467","가족: 여자 여자 여자 아이","가족, 아빠, 아이, 엄마, 여자, 사람들, 가족: 여자 여자 여자 아이","2"
"smileys_people","사람과 몸","531","👩‍👩‍👧‍👦","1F469-200D-1F469-200D-1F467-200D-1F466","가족: 여자 여자 여자 아이 남자 아이","가족, 아빠, 아이, 엄마, 여자, 사람들, 남자 아이, 가족: 여자 여자 여자 아이 남자 아이","2"
"smileys_people","사람과 몸","532","👩‍👩‍👦‍👦","1F469-200D-1F469-200D-1F466-200D-1F466","가족: 여자 여자 남자 아이 남자 아이","가족, 아빠, 아이, 엄마, 여자, 사람들, 남자 아이, 가족: 여자 여자 남자 아이 남자 아이","2"
"smileys_people","사람과 몸","533","👩‍👩‍👧‍👧","1F469-200D-1F469-200D-1F467-200D-1F467","가족: 여자 여자 여자 아이 여자 아이","가족, 아빠, 아이, 엄마, 여자, 사람들, 가족: 여자 여자 여자 아이 여자 아이","2"
"smileys_people","사람과 몸","534","👨‍👦","1F468-200D-1F466","가족: 남자 남자 아이","가족, 남자, 아빠, 아이, 엄마, 사람들, 가족: 남자 남자 아이","4"
"smileys_people","사람과 몸","535","👨‍👦‍👦","1F468-200D-1F466-200D-1F466","가족: 남자 남자 아이 남자 아이","가족, 남자, 아빠, 아이, 엄마, 사람들, 가족: 남자 남자 아이 남자 아이","4"
"smileys_people","사람과 몸","536","👨‍👧","1F468-200D-1F467","가족: 남자 여자 아이","가족, 남자, 아빠, 아이, 엄마, 사람들, 여자 아이, 가족: 남자 여자 아이","4"
"smileys_people","사람과 몸","537","👨‍👧‍👦","1F468-200D-1F467-200D-1F466","가족: 남자 여자 아이 남자 아이","가족, 남자, 아빠, 아이, 엄마, 사람들, 여자 아이, 가족: 남자 여자 아이 남자 아이","4"
"smileys_people","사람과 몸","538","👨‍👧‍👧","1F468-200D-1F467-200D-1F467","가족: 남자 여자 아이 여자 아이","가족, 남자, 아빠, 아이, 엄마, 사람들, 여자 아이, 가족: 남자 여자 아이 여자 아이","4"
"smileys_people","사람과 몸","539","👩‍👦","1F469-200D-1F466","가족: 여자 남자 아이","가족, 아빠, 아이, 엄마, 여자, 사람들, 남자 아이, 가족: 여자 남자 아이","4"
"smileys_people","사람과 몸","540","👩‍👦‍👦","1F469-200D-1F466-200D-1F466","가족: 여자 남자 아이 남자 아이","가족, 아빠, 아이, 엄마, 여자, 사람들, 남자 아이, 가족: 여자 남자 아이 남자 아이","4"
"smileys_people","사람과 몸","541","👩‍👧","1F469-200D-1F467","가족: 여자 여자 아이","가족, 아빠, 아이, 엄마, 여자, 사람들, 가족: 여자 여자 아이","4"
"smileys_people","사람과 몸","542","👩‍👧‍👦","1F469-200D-1F467-200D-1F466","가족: 여자 여자 아이 남자 아이","가족, 아빠, 아이, 엄마, 여자, 사람들, 남자 아이, 가족: 여자 여자 아이 남자 아이","4"
"smileys_people","사람과 몸","543","👩‍👧‍👧","1F469-200D-1F467-200D-1F467","가족: 여자 여자 아이 여자 아이","가족, 아빠, 아이, 엄마, 여자, 사람들, 가족: 여자 여자 아이 여자 아이","4"
"smileys_people","사람과 몸","544","🗣️","1F5E3-FE0F","말하고 있는 옆얼굴","말함, 얼굴, 실루엣, 말하고 있는 옆얼굴","0.7"
"smileys_people","사람과 몸","545","👤","1F464","사람 그림자","사람, 상체, 상반신, 사람 그림자","0.6"
"smileys_people","사람과 몸","546","👥","1F465","사람들 그림자","상체, 사람들, 상반신, 사람들 그림자","1"
"smileys_people","사람과 몸","547","🫂","1FAC2","포옹하는 사람","안녕, 포옹, 고마워, 잘 가, 포옹하는 사람","13"
"smileys_people","사람과 몸","548","👪","1F46A","사람들","가족, 아빠, 아이, 엄마, 사람들","0.6"
"smileys_people","사람과 몸","549","🧑‍🧑‍🧒","1F9D1-200D-1F9D1-200D-1F9D2","가족: 성인, 성인, 아이","성인, 아이, 가족: 성인, 가족: 성인, 성인, 아이","15.1"
"smileys_people","사람과 몸","550","🧑‍🧑‍🧒‍🧒","1F9D1-200D-1F9D1-200D-1F9D2-200D-1F9D2","가족: 성인, 성인, 아이, 아이","성인, 아이, 가족: 성인, 가족: 성인, 성인, 아이, 아이","15.1"
"smileys_people","사람과 몸","551","🧑‍🧒","1F9D1-200D-1F9D2","가족: 성인, 아이","아이, 가족: 성인, 가족: 성인, 아이","15.1"
"smileys_people","사람과 몸","552","🧑‍🧒‍🧒","1F9D1-200D-1F9D2-200D-1F9D2","가족: 성인, 아이, 아이","아이, 가족: 성인, 가족: 성인, 아이, 아이","15.1"
"smileys_people","사람과 몸","553","👣","1F463","발바닥","발, 족적, 발자국, 발바닥","0.6"
"animals_nature","동물과 자연","1","🐵","1F435","원숭이 얼굴","동물, 원숭이, 원숭이띠, 원숭이 얼굴","0.6"
"animals_nature","동물과 자연","2","🐒","1F412","원숭이","동물, 원숭이","0.6"
"animals_nature","동물과 자연","3","🦍","1F98D","고릴라","동물, 고릴라","3"
"animals_nature","동물과 자연","4","🦧","1F9A7","오랑우탄","유인원, 오랑우탄","12"
"animals_nature","동물과 자연","5","🐶","1F436","강아지 얼굴","개, 개띠, 동물, 강아지, 강아지 얼굴","0.6"
"animals_nature","동물과 자연","6","🐕","1F415","멍멍이","개, 동물, 강아지, 개새끼, 멍멍이","0.7"
"animals_nature","동물과 자연","7","🦮","1F9AE","시각장애","안내견, 접근성, 시각장애","12"
"animals_nature","동물과 자연","8","🐕‍🦺","1F415-200D-1F9BA","접근성","보조, 보조견, 접근성","12"
"animals_nature","동물과 자연","9","🐩","1F429","멍멍이","개, 푸들, 동물, 개새끼, 멍멍이","0.6"
"animals_nature","동물과 자연","10","🐺","1F43A","늑대 얼굴","늑대, 동물, 늑대 얼굴","0.6"
"animals_nature","동물과 자연","11","🦊","1F98A","여우 얼굴","동물, 얼굴, 여우, 여우 얼굴","3"
"animals_nature","동물과 자연","12","🦝","1F99D","장난기 있는","너구리, 호기심, 장난기 있는","11"
"animals_nature","동물과 자연","13","🐱","1F431","고양이 얼굴","동물, 고양이, 고양이 얼굴","0.6"
"animals_nature","동물과 자연","14","🐈","1F408","냐옹이 동물","괭이, 집사, 고양이, 야옹이, 냐옹이 동물","0.7"
"animals_nature","동물과 자연","15","🐈‍⬛","1F408-200D-2B1B","검은 고양이","검은, 불행, 고양이, 불길한, 검은 고양이","13"
"animals_nature","동물과 자연","16","🦁","1F981","사자 얼굴","사자, 얼굴, 사자 얼굴","1"
"animals_nature","동물과 자연","17","🐯","1F42F","호랑이 얼굴","동물, 호랑이, 호랑이띠, 호랑이 얼굴","0.6"
"animals_nature","동물과 자연","18","🐅","1F405","타이거","동물, 호랑이, 타이거","1"
"animals_nature","동물과 자연","19","🐆","1F406","레오파드","표범, 동물, 레오파드","1"
"animals_nature","동물과 자연","20","🐴","1F434","말 얼굴","말, 동물, 말띠, 말 얼굴","0.6"
"animals_nature","동물과 자연","21","🫎","1FACE","가지진 뿔","무스, 동물, 엘크, 포유동물, 가지진 뿔","15"
"animals_nature","동물과 자연","22","🫏","1FACF","포유동물","노새, 동물, 토끼, 당나귀, 엉덩이, 고집불통, 포유동물","15"
"animals_nature","동물과 자연","23","🐎","1F40E","레이스","말, 동물, 레이스","0.6"
"animals_nature","동물과 자연","24","🦄","1F984","유니콘 얼굴","얼굴, 유니콘, 유니콘 얼굴","1"
"animals_nature","동물과 자연","25","🦓","1F993","줄무늬","얼룩말, 줄무늬","5"
"animals_nature","동물과 자연","26","🦌","1F98C","동물","사슴, 동물","3"
"animals_nature","동물과 자연","27","🦬","1F9AC","물소","떼, 들소, 물소","13"
"animals_nature","동물과 자연","28","🐮","1F42E","소 얼굴","소, 동물, 소띠, 소 얼굴","0.6"
"animals_nature","동물과 자연","29","🐂","1F402","황소","소, 동물, 황소","1"
"animals_nature","동물과 자연","30","🐃","1F403","버팔로","소, 물소, 동물, 버팔로","1"
"animals_nature","동물과 자연","31","🐄","1F404","동물","소, 젖소, 동물","1"
"animals_nature","동물과 자연","32","🐷","1F437","돼지 얼굴","동물, 돼지, 돼지띠, 돼지 얼굴","0.6"
"animals_nature","동물과 자연","33","🐖","1F416","꿀꿀이","돼지, 동물, 꿀꿀이","1"
"animals_nature","동물과 자연","34","🐗","1F417","멧돼지","동물, 돼지, 피그, 멧돼지","0.6"
"animals_nature","동물과 자연","35","🐽","1F43D","돼지코","코, 동물, 돼지코","0.6"
"animals_nature","동물과 자연","36","🐏","1F40F","동물","숫양, 동물","1"
"animals_nature","동물과 자연","37","🐑","1F411","동물","양, 동물","0.6"
"animals_nature","동물과 자연","38","🐐","1F410","동물","염소, 동물","1"
"animals_nature","동물과 자연","39","🐪","1F42A","단봉 낙타","낙타, 동물, 단봉 낙타","1"
"animals_nature","동물과 자연","40","🐫","1F42B","쌍봉 낙타","동물, 쌍봉 낙타","0.6"
"animals_nature","동물과 자연","41","🦙","1F999","알파카","울, 라마, 과나코, 비큐나, 알파카","11"
"animals_nature","동물과 자연","42","🦒","1F992","기린","기린","5"
"animals_nature","동물과 자연","43","🐘","1F418","코끼리","동물, 코끼리","0.6"
"animals_nature","동물과 자연","44","🦣","1F9A3","털북숭이","큰, 멸종, 상아, 매머드, 털북숭이","13"
"animals_nature","동물과 자연","45","🦏","1F98F","코뿔소","동물, 코뿔소","3"
"animals_nature","동물과 자연","46","🦛","1F99B","동물","하마, 동물","11"
"animals_nature","동물과 자연","47","🐭","1F42D","쥐 얼굴","쥐, 동물, 쥐띠, 쥐 얼굴","0.6"
"animals_nature","동물과 자연","48","🐁","1F401","흰쥐","생쥐, 동물, 흰쥐","1"
"animals_nature","동물과 자연","49","🐀","1F400","생쥐","쥐, 동물, 생쥐","1"
"animals_nature","동물과 자연","50","🐹","1F439","햄스터 얼굴","동물, 햄스터, 햄스터 얼굴","0.6"
"animals_nature","동물과 자연","51","🐰","1F430","토끼 얼굴","동물, 토끼, 토끼띠, 토끼 얼굴","0.6"
"animals_nature","동물과 자연","52","🐇","1F407","토깽이","토끼, 동물, 토깽이","1"
"animals_nature","동물과 자연","53","🐿️","1F43F-FE0F","얼룩다람쥐","다람쥐, 얼룩다람쥐","0.7"
"animals_nature","동물과 자연","54","🦫","1F9AB","비버","댐, 비버","13"
"animals_nature","동물과 자연","55","🦔","1F994","고슴도치","가시, 고슴도치","5"
"animals_nature","동물과 자연","56","🦇","1F987","뱀파이어","박쥐, 뱀파이어","3"
"animals_nature","동물과 자연","57","🐻","1F43B","곰 얼굴","곰, 동물, 곰돌이, 곰 얼굴","0.6"
"animals_nature","동물과 자연","58","🐻‍❄️","1F43B-200D-2744-FE0F","북극곰","곰, 백곰, 북극, 흰곰, 북극곰","13"
"animals_nature","동물과 자연","59","🐨","1F428","코알라","동물, 코알라","0.6"
"animals_nature","동물과 자연","60","🐼","1F43C","판다 얼굴","동물, 판다, 판다곰, 판다 얼굴","0.6"
"animals_nature","동물과 자연","61","🦥","1F9A5","나무늘보","느린, 게으른, 나무늘보","12"
"animals_nature","동물과 자연","62","🦦","1F9A6","물고기 사냥","수달, 장난꾸러기, 물고기 사냥","12"
"animals_nature","동물과 자연","63","🦨","1F9A8","냄새나는","스컹크, 냄새나는","12"
"animals_nature","동물과 자연","64","🦘","1F998","새끼 캥거루","점프, 호주, 캥거루, 새끼 캥거루","11"
"animals_nature","동물과 자연","65","🦡","1F9A1","벌꿀오소리","오소리, 심술쟁이, 벌꿀오소리","11"
"animals_nature","동물과 자연","66","🐾","1F43E","곰발자국","동물, 곰발바닥, 곰발자국","0.6"
"animals_nature","동물과 자연","67","🦃","1F983","칠면조","새, 터키, 칠면조","1"
"animals_nature","동물과 자연","68","🐔","1F414","치킨","닭, 동물, 암탉, 치킨","0.6"
"animals_nature","동물과 자연","69","🐓","1F413","동물","수탉, 동물","1"
"animals_nature","동물과 자연","70","🐣","1F423","갓 태어난 병아리","동물, 알에서 깬 병아리, 갓 태어난 병아리","0.6"
"animals_nature","동물과 자연","71","🐤","1F424","아기 병아리","동물, 병아리, 아기 병아리","0.6"
"animals_nature","동물과 자연","72","🐥","1F425","정면을 향해 날개를 편 병아리","동물, 아기 병아리, 정면을 향해 날개를 편 병아리","0.6"
"animals_nature","동물과 자연","73","🐦","1F426","동물","새, 동물","0.6"
"animals_nature","동물과 자연","74","🐧","1F427","동물","펭귄, 동물","0.6"
"animals_nature","동물과 자연","75","🕊️","1F54A-FE0F","비둘기","새, 평화, 비둘기","0.7"
"animals_nature","동물과 자연","76","🦅","1F985","독수리","새, 조류, 독수리","3"
"animals_nature","동물과 자연","77","🦆","1F986","조류","새, 오리, 조류","3"
"animals_nature","동물과 자연","78","🦢","1F9A2","못난 아기 오리","백조, 조류, 새끼 백조, 못난 아기 오리","11"
"animals_nature","동물과 자연","79","🦉","1F989","올빼미","새, 조류, 부엉이, 올빼미","3"
"animals_nature","동물과 자연","80","🦤","1F9A4","모리셔스","멸종, 도도새, 큰 새, 모리셔스","13"
"animals_nature","동물과 자연","81","🪶","1FAB6","가벼운","새, 깃털, 비행, 가벼운","13"
"animals_nature","동물과 자연","82","🦩","1F9A9","플라밍고","홍학, 열대, 플라밍고","12"
"animals_nature","동물과 자연","83","🦚","1F99A","수컷 공작","공작, 조류, 뽐내는, 화려한, 수컷 공작","11"
"animals_nature","동물과 자연","84","🦜","1F99C","말하는 새","조류, 해적, 앵무새, 말하는 새","11"
"animals_nature","동물과 자연","85","🪽","1FABD","천사","새, 날개, 날다, 비행, 신화, 천사","15"
"animals_nature","동물과 자연","86","🐦‍⬛","1F426-200D-2B1B","큰까마귀","새, 검정, 까마귀, 검은 새, 떼까마귀, 큰까마귀","15"
"animals_nature","동물과 자연","87","🪿","1FABF","바보 같은","새, 거위, 가금, 꽥꽥, 바보 같은","15"
"animals_nature","동물과 자연","88","🐦‍🔥","1F426-200D-1F525","판타지","부활, 불새, 환생, 불사조, 판타지","15.1"
"animals_nature","동물과 자연","89","🐸","1F438","개구리 얼굴","동물, 개구리, 개구리 얼굴","0.6"
"animals_nature","동물과 자연","90","🐊","1F40A","동물","악어, 동물","1"
"animals_nature","동물과 자연","91","🐢","1F422","거북이","동물, 거북이","0.6"
"animals_nature","동물과 자연","92","🦎","1F98E","파충류","동물, 도마뱀, 파충류","3"
"animals_nature","동물과 자연","93","🐍","1F40D","동물","뱀, 동물","0.6"
"animals_nature","동물과 자연","94","🐲","1F432","용 얼굴","용, 동물, 용띠, 드래곤, 용 얼굴","0.6"
"animals_nature","동물과 자연","95","🐉","1F409","드래곤","용, 동물, 드래곤","1"
"animals_nature","동물과 자연","96","🦕","1F995","초식 공룡","뇌룡, 초식 공룡","5"
"animals_nature","동물과 자연","97","🦖","1F996","티라노사우루스","티렉스, 티라노사우루스","5"
"animals_nature","동물과 자연","98","🐳","1F433","물 뿜는 고래","동물, 물 뿜는 고래","0.6"
"animals_nature","동물과 자연","99","🐋","1F40B","동물","고래, 동물","1"
"animals_nature","동물과 자연","100","🐬","1F42C","돌고래","동물, 돌고래","0.6"
"animals_nature","동물과 자연","101","🦭","1F9AD","바다사자","물개, 바다사자","13"
"animals_nature","동물과 자연","102","🐟","1F41F","물고기","동물, 생선, 물고기","0.6"
"animals_nature","동물과 자연","103","🐠","1F420","물고기","동물, 열대어, 물고기","0.6"
"animals_nature","동물과 자연","104","🐡","1F421","물고기","복어, 동물, 물고기","0.6"
"animals_nature","동물과 자연","105","🦈","1F988","바다생물","상어, 어류, 바다생물","3"
"animals_nature","동물과 자연","106","🐙","1F419","페드로","문어, 동물, 점쟁이, 페드로","0.6"
"animals_nature","동물과 자연","107","🐚","1F41A","달팽이 껍질","동물, 달팽이집, 달팽이 껍질","0.6"
"animals_nature","동물과 자연","108","🪸","1FAB8","산호초","대양, 암초, 산호초","14"
"animals_nature","동물과 자연","109","🪼","1FABC","쏘는 동물","아야, 젤리, 해양, 해파리, 따가워, 무척추동물, 쏘는 동물","15"
"animals_nature","동물과 자연","110","🐌","1F40C","달팽이","곤충, 동물, 벌레, 달팽이","0.6"
"animals_nature","동물과 자연","111","🦋","1F98B","날개","나비, 곤충, 날개","3"
"animals_nature","동물과 자연","112","🐛","1F41B","송충이","동물, 벌레, 송충이","0.6"
"animals_nature","동물과 자연","113","🐜","1F41C","벌레","개미, 곤충, 벌레","0.6"
"animals_nature","동물과 자연","114","🐝","1F41D","동물","벌, 꿀벌, 동물","0.6"
"animals_nature","동물과 자연","115","🪲","1FAB2","딱정벌레","곤충, 벌레, 딱정벌레","13"
"animals_nature","동물과 자연","116","🐞","1F41E","무당벌레","동물, 벌레, 무당벌레","0.6"
"animals_nature","동물과 자연","117","🦗","1F997","귀뚜라미","귀뚜라미","5"
"animals_nature","동물과 자연","118","🪳","1FAB3","바퀴벌레","곤충, 벌레, 해충, 바퀴벌레","13"
"animals_nature","동물과 자연","119","🕷️","1F577-FE0F","스파이더","거미, 곤충, 벌레, 스파이더","0.7"
"animals_nature","동물과 자연","120","🕸️","1F578-FE0F","거미줄","거미, 거미줄","0.7"
"animals_nature","동물과 자연","121","🦂","1F982","스콜피온","전갈, 스콜피온","1"
"animals_nature","동물과 자연","122","🦟","1F99F","바이러스","열, 모기, 벌레, 병균, 말라리아, 바이러스","11"
"animals_nature","동물과 자연","123","🪰","1FAB0","구더기","파리, 부패, 질병, 해충, 구더기","13"
"animals_nature","동물과 자연","124","🪱","1FAB1","환형동물","지렁이, 기생충, 환형동물","13"
"animals_nature","동물과 자연","125","🦠","1F9A0","박테리아","미생물, 아메바, 바이러스, 박테리아","11"
"animals_nature","동물과 자연","126","💐","1F490","꽃다발","꽃, 부케, 꽃다발","0.6"
"animals_nature","동물과 자연","127","🌸","1F338","꽃송이","꽃, 벚꽃, 꽃송이","0.6"
"animals_nature","동물과 자연","128","💮","1F4AE","꽃 표시","꽃, 흰 꽃, 꽃 도장, 꽃 표시","0.6"
"animals_nature","동물과 자연","129","🪷","1FAB7","힌두교","꽃, 연꽃, 불교, 순수, 인도, 베트남, 힌두교","14"
"animals_nature","동물과 자연","130","🏵️","1F3F5-FE0F","장미","꽃, 장미","0.7"
"animals_nature","동물과 자연","131","🌹","1F339","장미꽃","꽃, 장미꽃","0.6"
"animals_nature","동물과 자연","132","🥀","1F940","꺾인 고개","꽃, 시듦, 시든 꽃, 꺾인 고개","3"
"animals_nature","동물과 자연","133","🌺","1F33A","무궁화","꽃, 무궁화","0.6"
"animals_nature","동물과 자연","134","🌻","1F33B","해바라기","꽃, 해바라기","0.6"
"animals_nature","동물과 자연","135","🌼","1F33C","꽃송이","꽃, 꽃송이","0.6"
"animals_nature","동물과 자연","136","🌷","1F337","튤립","꽃, 튤립","0.6"
"animals_nature","동물과 자연","137","🪻","1FABB","스냅드래곤","꽃, 루핀, 라벤더, 히아신스, 블루 보닛, 스냅드래곤","15"
"animals_nature","동물과 자연","138","🌱","1F331","싹이 돋다","새싹, 싹이 돋다","0.6"
"animals_nature","동물과 자연","139","🪴","1FAB4","키우다","집, 분재, 식물, 자라다, 지루한, 키우다","13"
"animals_nature","동물과 자연","140","🌲","1F332","상록수","나무, 소나무, 상록수","1"
"animals_nature","동물과 자연","141","🌳","1F333","낙엽수","나무, 낙엽수","1"
"animals_nature","동물과 자연","142","🌴","1F334","열대 나무","나무, 야자수, 열대 나무","0.6"
"animals_nature","동물과 자연","143","🌵","1F335","선인장","나무, 식물, 선인장","0.6"
"animals_nature","동물과 자연","144","🌾","1F33E","벼이삭","벼, 이삭, 벼이삭","0.6"
"animals_nature","동물과 자연","145","🌿","1F33F","잎사귀","풀, 잎, 잎사귀","0.6"
"animals_nature","동물과 자연","146","☘️","2618-FE0F","토끼풀","풀, 세잎, 토끼풀","1"
"animals_nature","동물과 자연","147","🍀","1F340","네잎클로버","행운, 클로버, 네잎클로버","0.6"
"animals_nature","동물과 자연","148","🍁","1F341","잎사귀","잎, 단풍잎, 이파리, 잎사귀","0.6"
"animals_nature","동물과 자연","149","🍂","1F342","잎사귀","잎, 낙엽, 단풍잎, 이파리, 잎사귀","0.6"
"animals_nature","동물과 자연","150","🍃","1F343","바람에 흔들리는 나뭇잎","가을 낙엽, 바람에 떨어지는 잎, 바람에 흔들리는 나뭇잎","0.6"
"animals_nature","동물과 자연","151","🪹","1FAB9","새둥우리","둥지, 빈 둥지, 새둥우리","14"
"animals_nature","동물과 자연","152","🪺","1FABA","알이 들어 있는 둥지","둥지, 새둥우리, 알이 들어 있는 둥지","14"
"animals_nature","동물과 자연","153","🍄","1F344","식물","버섯, 나무, 식물","0.6"
"food_drink","음식 및 음료","1","🍇","1F347","과일","포도, 과일","0.6"
"food_drink","음식 및 음료","2","🍈","1F348","채소","멜론, 과일, 야채, 채소","0.6"
"food_drink","음식 및 음료","3","🍉","1F349","과일","수박, 과일","0.6"
"food_drink","음식 및 음료","4","🍊","1F34A","오렌지","귤, 과일, 밀감, 오렌지","0.6"
"food_drink","음식 및 음료","5","🍋","1F34B","과일","레몬, 과일","1"
"food_drink","음식 및 음료","6","🍋‍🟩","1F34B-200D-1F7E9","시트러스","라임, 과일, 열대, 시트러스","15.1"
"food_drink","음식 및 음료","7","🍌","1F34C","바나나","과일, 바나나","0.6"
"food_drink","음식 및 음료","8","🍍","1F34D","파인애플","과일, 파인애플","0.6"
"food_drink","음식 및 음료","9","🥭","1F96D","열대 과일","망고, 과일, 열대 과일","11"
"food_drink","음식 및 음료","10","🍎","1F34E","빨간 사과","과일, 빨간 사과","0.6"
"food_drink","음식 및 음료","11","🍏","1F34F","파란 사과","과일, 초록 사과, 파란 사과","0.6"
"food_drink","음식 및 음료","12","🍐","1F350","과일","배, 과일","1"
"food_drink","음식 및 음료","13","🍑","1F351","복숭아","과일, 복숭아","0.6"
"food_drink","음식 및 음료","14","🍒","1F352","과일","체리, 과일","0.6"
"food_drink","음식 및 음료","15","🍓","1F353","과일","딸기, 과일","0.6"
"food_drink","음식 및 음료","16","🫐","1FAD0","월귤나무","베리, 블루베리, 월귤나무","13"
"food_drink","음식 및 음료","17","🥝","1F95D","식품","키위, 과일, 식품","3"
"food_drink","음식 및 음료","18","🍅","1F345","토마토","채소, 토마토","0.6"
"food_drink","음식 및 음료","19","🫒","1FAD2","올리브","음식, 올리브","13"
"food_drink","음식 및 음료","20","🥥","1F965","코코넛","코코넛","5"
"food_drink","음식 및 음료","21","🥑","1F951","아보카드","과일, 식품, 열매, 아보카도, 아보카드","3"
"food_drink","음식 및 음료","22","🍆","1F346","채소","가지, 야채, 채소","0.6"
"food_drink","음식 및 음료","23","🥔","1F954","포테이토","감자, 식품, 채소, 포테이토","3"
"food_drink","음식 및 음료","24","🥕","1F955","채소","당근, 식품, 채소","3"
"food_drink","음식 및 음료","25","🌽","1F33D","농작물","콘, 식물, 옥수수, 농작물","0.6"
"food_drink","음식 및 음료","26","🌶️","1F336-FE0F","빨간 고추","고추, 홍고추, 빨간 고추","0.7"
"food_drink","음식 및 음료","27","🫑","1FAD1","후추","피망, 고추, 채소, 후추","13"
"food_drink","음식 및 음료","28","🥒","1F952","피클","오이, 식품, 채소, 피클","3"
"food_drink","음식 및 음료","29","🥬","1F96C","녹색 채소","상추, 케일, 양배추, 청경채, 녹색 채소","11"
"food_drink","음식 및 음료","30","🥦","1F966","브로콜리","브로콜리","5"
"food_drink","음식 및 음료","31","🧄","1F9C4","조미료","마늘, 조미료","12"
"food_drink","음식 및 음료","32","🧅","1F9C5","양념","양파, 양념","12"
"food_drink","음식 및 음료","33","🥜","1F95C","견과류","땅콩, 넛츠, 식품, 견과류","3"
"food_drink","음식 및 음료","34","🫘","1FAD8","콩팥","콩, 신장, 음식, 콩류, 콩팥","14"
"food_drink","음식 및 음료","35","🌰","1F330","견과류","밤, 나무, 식물, 견과류","0.6"
"food_drink","음식 및 음료","36","🫚","1FADA","생강 뿌리","맥주, 뿌리, 향신료, 생강 뿌리","15"
"food_drink","음식 및 음료","37","🫛","1FADB","완두콩 꼬투리","콩, 채소, 콩과, 풋콩, 꼬투리, 완두콩, 완두콩 꼬투리","15"
"food_drink","음식 및 음료","38","🍄‍🟫","1F344-200D-1F7EB","갈색 양송이 버섯","버섯, 음식, 자연, 채소, 갈색 양송이 버섯","15.1"
"food_drink","음식 및 음료","39","🍞","1F35E","식빵","빵, 식빵","0.6"
"food_drink","음식 및 음료","40","🥐","1F950","크루아상","빵, 식품, 프랑스, 크루아상","3"
"food_drink","음식 및 음료","41","🥖","1F956","프랑스","빵, 식품, 바게트, 프랑스","3"
"food_drink","음식 및 음료","42","🫓","1FAD3","플랫브레드","난, 피타, 라바쉬, 아레파, 플랫브레드","13"
"food_drink","음식 및 음료","43","🥨","1F968","프레첼","프레첼","5"
"food_drink","음식 및 음료","44","🥯","1F96F","슈미어","빵, 베이글, 슈미어","11"
"food_drink","음식 및 음료","45","🥞","1F95E","핫케이크","식품, 크레페, 팬케이크, 핫케이크","3"
"food_drink","음식 및 음료","46","🧇","1F9C7","와플","와플","12"
"food_drink","음식 및 음료","47","🧀","1F9C0","치즈 덩어리","치즈, 치즈 조각, 치즈 덩어리","1"
"food_drink","음식 및 음료","48","🍖","1F356","고기 덩어리","고기, 고기 덩어리","0.6"
"food_drink","음식 및 음료","49","🍗","1F357","닭고기","고기, 닭다리, 닭고기","0.6"
"food_drink","음식 및 음료","50","🥩","1F969","스테이크","고깃덩이, 스테이크","5"
"food_drink","음식 및 음료","51","🥓","1F953","돼지고기","고기, 식품, 베이컨, 돼지고기","3"
"food_drink","음식 및 음료","52","🍔","1F354","패스트푸드","버거, 햄버거, 패스트푸드","0.6"
"food_drink","음식 및 음료","53","🍟","1F35F","프렌치 프라이","감자튀김, 패스트푸드, 프렌치 프라이","0.6"
"food_drink","음식 및 음료","54","🍕","1F355","피자 한 조각","피자, 조각 피자, 피자 한 조각","0.6"
"food_drink","음식 및 음료","55","🌭","1F32D","소세지","핫도그, 소세지","1"
"food_drink","음식 및 음료","56","🥪","1F96A","샌드위치","빵, 샌드위치","5"
"food_drink","음식 및 음료","57","🌮","1F32E","멕시코 요리","타코, 멕시코 요리","1"
"food_drink","음식 및 음료","58","🌯","1F32F","멕시코 요리","타코, 부리또, 버리토, 멕시코 요리","1"
"food_drink","음식 및 음료","59","🫔","1FAD4","멕시칸","감싼, 타말레, 멕시칸","13"
"food_drink","음식 및 음료","60","🥙","1F959","밀전병에 싼 요리","부리또, 밀전병에 싼 요리","3"
"food_drink","음식 및 음료","61","🧆","1F9C6","병아리콩","팔라펠, 미트볼, 병아리콩","12"
"food_drink","음식 및 음료","62","🥚","1F95A","식품","달걀, 계란, 식품","3"
"food_drink","음식 및 음료","63","🍳","1F373","계란 프라이","요리, 프라이팬, 계란 프라이","0.6"
"food_drink","음식 및 음료","64","🥘","1F958","납작한 냄비","음식, 찌개, 빠에야, 캐서롤, 납작한 냄비","3"
"food_drink","음식 및 음료","65","🍲","1F372","찌개","국, 탕, 찌개","0.6"
"food_drink","음식 및 음료","66","🫕","1FAD5","초콜릿","퐁듀, 냄비, 녹다, 치즈, 스위스, 초콜릿","13"
"food_drink","음식 및 음료","67","🥣","1F963","스푼과 사발","아침, 콘지, 시리얼, 스푼과 사발","5"
"food_drink","음식 및 음료","68","🥗","1F957","야채샐러드","건강, 야채, 채소, 샐러드, 야채샐러드","3"
"food_drink","음식 및 음료","69","🍿","1F37F","영화","팝콘, 영화","1"
"food_drink","음식 및 음료","70","🧈","1F9C8","유제품","버터, 유제품","12"
"food_drink","음식 및 음료","71","🧂","1F9C2","조미료","소금, 양념통, 조미료","11"
"food_drink","음식 및 음료","72","🥫","1F96B","통조림","캔, 통조림","5"
"food_drink","음식 및 음료","73","🍱","1F371","도시락","밥, 벤또, 도시락","0.6"
"food_drink","음식 및 음료","74","🍘","1F358","주먹밥","밥, 주먹밥","0.6"
"food_drink","음식 및 음료","75","🍙","1F359","삼각 김밥","밥, 삼각 김밥","0.6"
"food_drink","음식 및 음료","76","🍚","1F35A","밥공기","밥, 밥공기","0.6"
"food_drink","음식 및 음료","77","🍛","1F35B","카레라이스","카레, 카레밥, 카레라이스","0.6"
"food_drink","음식 및 음료","78","🍜","1F35C","라면","면, 국수, 라면","0.6"
"food_drink","음식 및 음료","79","🍝","1F35D","스파게티","면, 파스타, 스파게티","0.6"
"food_drink","음식 및 음료","80","🍠","1F360","삶은 고구마","고구마, 찐 고구마, 삶은 고구마","0.6"
"food_drink","음식 및 음료","81","🍢","1F362","오뎅꼬치","오뎅, 어묵, 어묵꼬치, 오뎅꼬치","0.6"
"food_drink","음식 및 음료","82","🍣","1F363","일식","초밥, 스시, 일식","0.6"
"food_drink","음식 및 음료","83","🍤","1F364","새우튀김","새우, 튀김, 새우튀김","0.6"
"food_drink","음식 및 음료","84","🍥","1F365","꽃모양 오뎅","어묵, 오뎅, 꽃모양 어묵, 꽃모양 오뎅","0.6"
"food_drink","음식 및 음료","85","🥮","1F96E","명절","월병, 가을, 명절","11"
"food_drink","음식 및 음료","86","🍡","1F361","디저트","떡, 꼬치, 당고, 떡꼬치, 디저트","0.6"
"food_drink","음식 및 음료","87","🥟","1F95F","덤플링","만두, 교자, 덤플링","5"
"food_drink","음식 및 음료","88","🥠","1F960","포춘 쿠키","포츈 쿠키, 포춘 쿠키","5"
"food_drink","음식 및 음료","89","🥡","1F961","테이크아웃 상자","테이크아웃 상자","5"
"food_drink","음식 및 음료","90","🦀","1F980","크랩","게, 꽃게, 크랩","1"
"food_drink","음식 및 음료","91","🦞","1F99E","바닷가재","가재, 집게발, 해산물, 바닷가재","11"
"food_drink","음식 및 음료","92","🦐","1F990","바다생물","새우, 식품, 갑각류, 바다생물","3"
"food_drink","음식 및 음료","93","🦑","1F991","연체동물","식품, 오징어, 연체동물","3"
"food_drink","음식 및 음료","94","🦪","1F9AA","진주","굴, 진주","12"
"food_drink","음식 및 음료","95","🍦","1F366","소프트 아이스크림","아이스크림 콘, 콘 아이스크림, 소프트 아이스크림","0.6"
"food_drink","음식 및 음료","96","🍧","1F367","샤베트 아이스크림","샤베트, 샤베트 아이스크림","0.6"
"food_drink","음식 및 음료","97","🍨","1F368","떠먹는 아이스크림","아이스크림, 떠먹는 아이스크림","0.6"
"food_drink","음식 및 음료","98","🍩","1F369","초코 도넛","도넛, 초코 도넛","0.6"
"food_drink","음식 및 음료","99","🍪","1F36A","초코칩 쿠키","쿠키, 초코 쿠키, 초코칩 쿠키","0.6"
"food_drink","음식 및 음료","100","🎂","1F382","생일 케이크","생일케이크, 생일 케이크","0.6"
"food_drink","음식 및 음료","101","🍰","1F370","조각케이크","케이크, 조각 케익, 쇼트케이크, 조각케이크","0.6"
"food_drink","음식 및 음료","102","🧁","1F9C1","베이커리","디저트, 컵케이크, 베이커리","11"
"food_drink","음식 및 음료","103","🥧","1F967","패스트리","파이, 패스트리","5"
"food_drink","음식 및 음료","104","🍫","1F36B","초코바","초코, 초콜렛, 초코바","0.6"
"food_drink","음식 및 음료","105","🍬","1F36C","캔디","사탕, 캔디","0.6"
"food_drink","음식 및 음료","106","🍭","1F36D","막대 사탕","사탕, 롤리팝, 막대 사탕","0.6"
"food_drink","음식 및 음료","107","🍮","1F36E","커스타드 푸딩","푸딩, 디저트, 커스타드, 커스타드 푸딩","0.6"
"food_drink","음식 및 음료","108","🍯","1F36F","꿀단지","꿀, 꿀단지","0.6"
"food_drink","음식 및 음료","109","🍼","1F37C","아기 젖병","젖병, 우유, 아기 젖병","1"
"food_drink","음식 및 음료","110","🥛","1F95B","우유 한잔","밀크, 우유, 한잔, 글라스, 우유 한잔","3"
"food_drink","음식 및 음료","111","☕","2615","뜨거운 음료","차, 음료, 커피, 뜨거운 음료","0.6"
"food_drink","음식 및 음료","112","🫖","1FAD6","찻주전자","차, 냄비, 음료, 찻주전자","13"
"food_drink","음식 및 음료","113","🍵","1F375","찻집","차, 찻잔, 찻집","0.6"
"food_drink","음식 및 음료","114","🍶","1F376","병과 술잔","술, 사케, 병과 술잔","0.6"
"food_drink","음식 및 음료","115","🍾","1F37E","코르크가 튀어나오고 있는 병","와인, 와인병, 코르크, 코르크가 튀어나오고 있는 병","1"
"food_drink","음식 및 음료","116","🍷","1F377","와인글라스","와인, 와인잔, 와인바, 와인글라스","0.6"
"food_drink","음식 및 음료","117","🍸","1F378","칵테일글라스","칵테일, 칵테일바, 칵테일잔, 칵테일글라스","0.6"
"food_drink","음식 및 음료","118","🍹","1F379","음료수","바, 음료수","0.6"
"food_drink","음식 및 음료","119","🍺","1F37A","맥주컵","술집, 호프, 맥주잔, 맥주컵","0.6"
"food_drink","음식 및 음료","120","🍻","1F37B","맥주잔","짠, 맥주, 맥주잔","0.6"
"food_drink","음식 및 음료","121","🥂","1F942","건배하는 샴페인 잔","건배, 건배하는 샴페인 잔","3"
"food_drink","음식 및 음료","122","🥃","1F943","위스키","샷, 양주잔, 위스키","3"
"food_drink","음식 및 음료","123","🫗","1FAD7","쏟아져 나오는 액체","음료, 흘림, 유리잔, 비어 있는, 쏟아져 나오는 액체","14"
"food_drink","음식 및 음료","124","🥤","1F964","빨대와 컵","소다, 주스, 빨대와 컵","5"
"food_drink","음식 및 음료","125","🧋","1F9CB","버블티","차, 펄, 버블, 우유, 버블티","13"
"food_drink","음식 및 음료","126","🧃","1F9C3","쥬스 팩","음료 팩, 쥬스 팩","12"
"food_drink","음식 및 음료","127","🧉","1F9C9","마테차","차, 음료, 마테차","12"
"food_drink","음식 및 음료","128","🧊","1F9CA","차가운","얼음, 각얼음, 차가운","12"
"food_drink","음식 및 음료","129","🥢","1F962","젓가락","젓가락","5"
"food_drink","음식 및 음료","130","🍽️","1F37D-FE0F","포크와 나이프가 있는 접시","접시, 포크, 나이프, 포크와 나이프가 있는 접시","0.7"
"food_drink","음식 및 음료","131","🍴","1F374","포크와 나이프","식당, 포크, 나이프, 포크와 나이프","0.6"
"food_drink","음식 및 음료","132","🥄","1F944","테이블웨어","수저, 스푼, 식기, 숟가락, 주방용품, 테이블웨어","3"
"food_drink","음식 및 음료","133","🔪","1F52A","요리용 칼","식칼, 요리용 칼","0.6"
"food_drink","음식 및 음료","134","🫙","1FAD9","비어 있는","보관, 소스, 양념, 용기, 저장, 작은 병, 비어 있는","14"
"food_drink","음식 및 음료","135","🏺","1F3FA","암포라","단지, 암포라","1"
"travel_places","여행 및 장소","1","🌍","1F30D","유럽과 아프리카가 보이는 지구","유럽, 지구본, 아프리카, 유럽과 아프리카가 보이는 지구","0.7"
"travel_places","여행 및 장소","2","🌎","1F30E","미대륙이 보이는 지구","미주, 세계, 미대륙, 지구본, 미대륙이 보이는 지구","0.7"
"travel_places","여행 및 장소","3","🌏","1F30F","아시아와 호주가 보이는 지구","호주, 아시아, 지구본, 아시아와 호주가 보이는 지구","0.6"
"travel_places","여행 및 장소","4","🌐","1F310","자오선 지구","경도, 위도, 지구, 자오선 지구","1"
"travel_places","여행 및 장소","5","🗺️","1F5FA-FE0F","세계 지도","세계, 지도, 세계 지도","0.7"
"travel_places","여행 및 장소","6","🗾","1F5FE","일본 지도","일본, 지도, 일본 지도","0.6"
"travel_places","여행 및 장소","7","🧭","1F9ED","오리엔티어링","자석, 나침반, 오리엔티어링","11"
"travel_places","여행 및 장소","8","🏔️","1F3D4-FE0F","눈 덮인 산","눈, 산, 설산, 눈 덮인 산","0.7"
"travel_places","여행 및 장소","9","⛰️","26F0-FE0F","산 정상","산, 산 정상","0.7"
"travel_places","여행 및 장소","10","🌋","1F30B","화산 폭발","화산, 화산 폭발","0.6"
"travel_places","여행 및 장소","11","🗻","1F5FB","후지산","산, 후지산","0.6"
"travel_places","여행 및 장소","12","🏕️","1F3D5-FE0F","텐트","캠핑, 텐트","0.7"
"travel_places","여행 및 장소","13","🏖️","1F3D6-FE0F","파라솔이 있는 해변","해변, 파라솔, 파라솔이 있는 해변","0.7"
"travel_places","여행 및 장소","14","🏜️","1F3DC-FE0F","선인장","사막, 태양, 선인장","0.7"
"travel_places","여행 및 장소","15","🏝️","1F3DD-FE0F","사막 섬","섬, 사막, 사막 섬","0.7"
"travel_places","여행 및 장소","16","🏞️","1F3DE-FE0F","국립공원","공원, 국립, 국립공원","0.7"
"travel_places","여행 및 장소","17","🏟️","1F3DF-FE0F","스타디움","경기장, 스타디움","0.7"
"travel_places","여행 및 장소","18","🏛️","1F3DB-FE0F","고전 양식의 건축물","건물, 고전, 고전 양식의 건축물","0.7"
"travel_places","여행 및 장소","19","🏗️","1F3D7-FE0F","건물 공사","건물, 공사, 건물 공사","0.7"
"travel_places","여행 및 장소","20","🧱","1F9F1","빨간 벽돌","벽돌, 담벼락, 빨간 벽돌","11"
"travel_places","여행 및 장소","21","🪨","1FAA8","무거운","돌, 바위, 단단한, 무거운","13"
"travel_places","여행 및 장소","22","🪵","1FAB5","통나무","목재, 수목, 재목, 통나무","13"
"travel_places","여행 및 장소","23","🛖","1F6D6","유르트","집, 원실, 오두막, 유르트","13"
"travel_places","여행 및 장소","24","🏘️","1F3D8-FE0F","주택 건물","건물, 주택, 주택 건물","0.7"
"travel_places","여행 및 장소","25","🏚️","1F3DA-FE0F","낡은 주택 건물","건물, 노후, 주택, 낡은 주택 건물","0.7"
"travel_places","여행 및 장소","26","🏠","1F3E0","주택","집, 건물, 주택","0.6"
"travel_places","여행 및 장소","27","🏡","1F3E1","정원이 있는 주택","정원이 있는 집, 정원이 있는 주택","0.6"
"travel_places","여행 및 장소","28","🏢","1F3E2","오피스","빌딩, 건물, 사무실, 오피스","0.6"
"travel_places","여행 및 장소","29","🏣","1F3E3","일본 우체국","건물, 일본, 우체국, 일본 우체국","0.6"
"travel_places","여행 및 장소","30","🏤","1F3E4","유럽 우체국","우체국, 유럽 우체국","1"
"travel_places","여행 및 장소","31","🏥","1F3E5","메디컬","병원, 건물, 빌딩, 의사, 메디컬","0.6"
"travel_places","여행 및 장소","32","🏦","1F3E6","빌딩","은행, 건물, 뱅크, 빌딩","0.6"
"travel_places","여행 및 장소","33","🏨","1F3E8","숙박","잠, 호텔, 건물, 숙박","0.6"
"travel_places","여행 및 장소","34","🏩","1F3E9","러브 호텔","모텔, 러브 호텔","0.6"
"travel_places","여행 및 장소","35","🏪","1F3EA","편의점","가게, 편의점","0.6"
"travel_places","여행 및 장소","36","🏫","1F3EB","스쿨","학교, 건물, 공부, 빌딩, 스쿨","0.6"
"travel_places","여행 및 장소","37","🏬","1F3EC","백화점","가게, 백화점","0.6"
"travel_places","여행 및 장소","38","🏭","1F3ED","빌딩","공장, 건물, 빌딩","0.6"
"travel_places","여행 및 장소","39","🏯","1F3EF","일본 궁전","성, 궁전, 일본 성, 히메지성, 일본 궁전","0.6"
"travel_places","여행 및 장소","40","🏰","1F3F0","유럽 궁전","성, 궁전, 유럽 성, 유럽 궁전","0.6"
"travel_places","여행 및 장소","41","💒","1F492","성당 결혼식","결혼, 결혼식, 교회 결혼식, 성당 결혼식","0.6"
"travel_places","여행 및 장소","42","🗼","1F5FC","도쿄 타워","탑, 도쿄, 도쿄 타워","0.6"
"travel_places","여행 및 장소","43","🗽","1F5FD","자유의 여신상","자유, 여신상, 자유의 여신상","0.6"
"travel_places","여행 및 장소","44","⛪","26EA","크리스찬","교회, 건물, 빌딩, 크리스찬","0.6"
"travel_places","여행 및 장소","45","🕌","1F54C","이슬람","사원, 종교, 모스크, 이슬람","1"
"travel_places","여행 및 장소","46","🛕","1F6D5","힌두교 사원","사원, 힌두교, 힌두교 사원","12"
"travel_places","여행 및 장소","47","🕍","1F54D","시나고그","사원, 종교, 유대교, 시나고그","1"
"travel_places","여행 및 장소","48","⛩️","26E9-FE0F","일본 신사","신사, 종교, 신토 신사, 일본 신사","0.7"
"travel_places","여행 및 장소","49","🕋","1F54B","이슬람","카바, 종교, 이슬람","1"
"travel_places","여행 및 장소","50","⛲","26F2","분수대","분수, 분수대","0.6"
"travel_places","여행 및 장소","51","⛺","26FA","캠핑","텐트, 캠프, 캠핑","0.6"
"travel_places","여행 및 장소","52","🌁","1F301","자욱한 안개","날씨, 스모그, 자욱한 안개","0.6"
"travel_places","여행 및 장소","53","🌃","1F303","밤하늘 별","야경, 밤하늘 별","0.6"
"travel_places","여행 및 장소","54","🏙️","1F3D9-FE0F","도시 전경","건물, 도시, 도시 전경","0.7"
"travel_places","여행 및 장소","55","🌄","1F304","산에서 떠오르는 해","산, 해, 아침 해, 해가 뜸, 산에 해가 뜸, 산에서 떠오르는 해","0.6"
"travel_places","여행 및 장소","56","🌅","1F305","해가 뜸","해, 일출, 아침 해, 해가 뜸","0.6"
"travel_places","여행 및 장소","57","🌆","1F306","도시 야경","건물, 도시, 야경, 일몰, 저녁, 해질녘, 도시 야경","0.6"
"travel_places","여행 및 장소","58","🌇","1F307","도시에 해가 짐","일몰, 해질녘, 해가 짐, 도시에 해가 짐","0.6"
"travel_places","여행 및 장소","59","🌉","1F309","밤하늘을 배경으로 하는 다리","밤, 다리, 달과 다리, 밤의 다리, 별과 다리, 밤하늘을 배경으로 하는 다리","0.6"
"travel_places","여행 및 장소","60","♨️","2668-FE0F","목욕탕","온천, 뜨거움, 목욕탕","0.6"
"travel_places","여행 및 장소","61","🎠","1F3A0","회전 목마","목마, 유원지, 놀이공원, 회전 목마","0.6"
"travel_places","여행 및 장소","62","🛝","1F6DD","놀이공원","놀이, 미끄럼틀, 놀이공원","14"
"travel_places","여행 및 장소","63","🎡","1F3A1","놀이공원","관람차, 유원지, 놀이공원","0.6"
"travel_places","여행 및 장소","64","🎢","1F3A2","롤러코스터","유원지, 놀이공원, 롤러코스터","0.6"
"travel_places","여행 및 장소","65","💈","1F488","이발소 표시","이발소, 이발사, 이발소 표시","0.6"
"travel_places","여행 및 장소","66","🎪","1F3AA","서커스","텐트, 서커스","0.6"
"travel_places","여행 및 장소","67","🚂","1F682","교통수단","기차, 엔진, 기관차, 트레인, 교통수단","1"
"travel_places","여행 및 장소","68","🚃","1F683","교통수단","전철, 엔진, 철도, 트레인, 교통수단","0.6"
"travel_places","여행 및 장소","69","🚄","1F684","케이티엑스","ktx, 고속열차, 케이티엑스","0.6"
"travel_places","여행 및 장소","70","🚅","1F685","케이티엑스","고속철, ktx, 케이티엑스","0.6"
"travel_places","여행 및 장소","71","🚆","1F686","철도","기차, 철도","1"
"travel_places","여행 및 장소","72","🚇","1F687","메트로","전철, 지하철, 메트로","0.6"
"travel_places","여행 및 장소","73","🚈","1F688","교통수단","기차, 경전철, 교통수단","1"
"travel_places","여행 및 장소","74","🚉","1F689","지하철역","역, 기차역, 전철역, 지하철역","0.6"
"travel_places","여행 및 장소","75","🚊","1F68A","전차","트램, 전차","1"
"travel_places","여행 및 장소","76","🚝","1F69D","교통수단","기차, 모노레일, 교통수단","1"
"travel_places","여행 및 장소","77","🚞","1F69E","기차 터널","기차, 터널, 산터널, 기차 터널","1"
"travel_places","여행 및 장소","78","🚋","1F68B","전차 차량","트램 차량, 전차 차량","1"
"travel_places","여행 및 장소","79","🚌","1F68C","교통수단","차, 버스, 교통수단","0.6"
"travel_places","여행 및 장소","80","🚍","1F68D","오고 있는 버스","버스, 오고 있는 버스","0.7"
"travel_places","여행 및 장소","81","🚎","1F68E","트롤리 버스","버스, 트롤리, 트롤리 버스","1"
"travel_places","여행 및 장소","82","🚐","1F690","소형 버스","미니버스, 소형 버스","1"
"travel_places","여행 및 장소","83","🚑","1F691","앰뷸런스","구급차, 앰뷸런스","0.6"
"travel_places","여행 및 장소","84","🚒","1F692","소방차","엔진, 트럭, 화재, 소방차","0.6"
"travel_places","여행 및 장소","85","🚓","1F693","경찰차","경찰, 경찰차","0.6"
"travel_places","여행 및 장소","86","🚔","1F694","오고 있는 경찰차","경찰, 경찰차, 오고 있는 경찰차","0.7"
"travel_places","여행 및 장소","87","🚕","1F695","자동차","택시, 자동차","0.6"
"travel_places","여행 및 장소","88","🚖","1F696","오고 있는 택시","택시, 오고 있는 택시","1"
"travel_places","여행 및 장소","89","🚗","1F697","승용차","차량, 자동차, 승용차","0.6"
"travel_places","여행 및 장소","90","🚘","1F698","오고 있는 승용차","오고 있는 자동차, 오고 있는 승용차","0.7"
"travel_places","여행 및 장소","91","🚙","1F699","지프차","지프, suv, 지프차","0.6"
"travel_places","여행 및 장소","92","🛻","1F6FB","픽업트럭","트럭, 픽업, 픽업트럭","13"
"travel_places","여행 및 장소","93","🚚","1F69A","운송 차량","운송, 운송 트럭, 운송 차량","0.6"
"travel_places","여행 및 장소","94","🚛","1F69B","트레일러 트럭","트레일러, 트레일러 트럭","1"
"travel_places","여행 및 장소","95","🚜","1F69C","교통수단","차량, 트랙터, 교통수단","1"
"travel_places","여행 및 장소","96","🏎️","1F3CE-FE0F","경주용 자동차","레이싱카, 경주용 자동차","0.7"
"travel_places","여행 및 장소","97","🏍️","1F3CD-FE0F","모터사이클","경주, 오토바이, 모터사이클","0.7"
"travel_places","여행 및 장소","98","🛵","1F6F5","오토바이","전동, 스쿠터, 오토바이","3"
"travel_places","여행 및 장소","99","🦽","1F9BD","수동 휠체어","접근성, 수동 휠체어","12"
"travel_places","여행 및 장소","100","🦼","1F9BC","전동 휠체어","접근성, 전동 휠체어","12"
"travel_places","여행 및 장소","101","🛺","1F6FA","경삼륜차","툭툭, 경삼륜차","12"
"travel_places","여행 및 장소","102","🚲","1F6B2","교통수단","자전거, 바이크, 교통수단","0.6"
"travel_places","여행 및 장소","103","🛴","1F6F4","씽씽카","킥보드, 씽씽카","3"
"travel_places","여행 및 장소","104","🛹","1F6F9","스케이트보드","보드, 스케이트보드","11"
"travel_places","여행 및 장소","105","🛼","1F6FC","롤러스케이트","롤러, 스케이트, 롤러스케이트","13"
"travel_places","여행 및 장소","106","🚏","1F68F","버스 정류장","정류장, 버스 정류장","0.6"
"travel_places","여행 및 장소","107","🛣️","1F6E3-FE0F","고속도로","도로, 고속도로","0.7"
"travel_places","여행 및 장소","108","🛤️","1F6E4-FE0F","철도 선로","선로, 철도, 철도 선로","0.7"
"travel_places","여행 및 장소","109","🛢️","1F6E2-FE0F","기름통","기름, 드럼, 기름통","0.7"
"travel_places","여행 및 장소","110","⛽","26FD","휘발유","가스, 경유, 연료, 주유소, 휘발유","0.6"
"travel_places","여행 및 장소","111","🛞","1F6DE","타이어","휠, 원, 회전, 타이어","14"
"travel_places","여행 및 장소","112","🚨","1F6A8","경찰차 사이렌","사이렌, 삐용삐용, 경찰차 사이렌","0.6"
"travel_places","여행 및 장소","113","🚥","1F6A5","가로 신호등","가로, 수평, 신호등, 가로 신호등","0.6"
"travel_places","여행 및 장소","114","🚦","1F6A6","세로 신호등","세로, 수직, 신호등, 세로 신호등","1"
"travel_places","여행 및 장소","115","🛑","1F6D1","멈춤 표시","멈춤, 팔각형, 교통신호, 멈춤 표시","3"
"travel_places","여행 및 장소","116","🚧","1F6A7","공사 중 표시","공사, 공사 중, 공사 중 표시","0.6"
"travel_places","여행 및 장소","117","⚓","2693","항해","닻, 앵커, 항해","0.6"
"travel_places","여행 및 장소","118","🛟","1F6DF","구명 튜브","구조, 부낭, 안전, 구조원, 구명부환, 구명 기구, 구명 튜브","14"
"travel_places","여행 및 장소","119","⛵","26F5","돛단배","범선, 요트, 돛단배","0.6"
"travel_places","여행 및 장소","120","🛶","1F6F6","카누","배, 카누","3"
"travel_places","여행 및 장소","121","🚤","1F6A4","쾌속정","보트, 선박, 쾌속정","0.6"
"travel_places","여행 및 장소","122","🛳️","1F6F3-FE0F","여객선","배, 선박, 여객선","0.7"
"travel_places","여행 및 장소","123","⛴️","26F4-FE0F","연락선","페리, 보트, 연락선","0.7"
"travel_places","여행 및 장소","124","🛥️","1F6E5-FE0F","모터보트","보트, 모터보트","0.7"
"travel_places","여행 및 장소","125","🚢","1F6A2","바다","배, 선박, 바다","0.6"
"travel_places","여행 및 장소","126","✈️","2708-FE0F","비행기","비행, 항공, 비행기","0.6"
"travel_places","여행 및 장소","127","🛩️","1F6E9-FE0F","소형비행기","비행기, 경비행기, 소형비행기","0.7"
"travel_places","여행 및 장소","128","🛫","1F6EB","비행기 이륙","출발, 비행기 이륙","1"
"travel_places","여행 및 장소","129","🛬","1F6EC","비행기 착륙","도착, 비행기 착륙","1"
"travel_places","여행 및 장소","130","🪂","1FA82","스카이다이빙","낙하산, 패러세일링, 행글라이더, 스카이다이빙","12"
"travel_places","여행 및 장소","131","💺","1F4BA","자리","좌석, 자리","0.6"
"travel_places","여행 및 장소","132","🚁","1F681","헬리콥터","헬기, 헬리콥터","1"
"travel_places","여행 및 장소","133","🚟","1F69F","매달린 케이블카","케이블카, 매달린 케이블카","1"
"travel_places","여행 및 장소","134","🚠","1F6A0","산악 케이블카","산, 곤돌라, 교통수단, 케이블카, 산악 케이블카","1"
"travel_places","여행 및 장소","135","🚡","1F6A1","산악 케이블카","곤돌라, 케이블카, 공중 케이블카, 산악 케이블카","1"
"travel_places","여행 및 장소","136","🛰️","1F6F0-FE0F","인공위성","우주, 인공위성","0.7"
"travel_places","여행 및 장소","137","🚀","1F680","로케트","로켓, 발사, 우주, 로케트","0.6"
"travel_places","여행 및 장소","138","🛸","1F6F8","비행접시","ufo, 비행접시","5"
"travel_places","여행 및 장소","139","🛎️","1F6CE-FE0F","데스크벨","벨, 호텔, 호출 벨, 데스크벨","0.7"
"travel_places","여행 및 장소","140","🧳","1F9F3","여행용 가방","짐, 여행, 여행용 가방","11"
"travel_places","여행 및 장소","141","⌛","231B","시간이 다 된 모래시계","모래, 타이머, 시간이 다 된 모래시계","0.6"
"travel_places","여행 및 장소","142","⏳","23F3","시간이 남은 모래시계","타이머, 시간이 남은 모래시계","0.6"
"travel_places","여행 및 장소","143","⌚","231A","손목 시계","시계, 손목 시계","0.6"
"travel_places","여행 및 장소","144","⏰","23F0","알람 시계","시계, 알람, 알람 시계","0.6"
"travel_places","여행 및 장소","145","⏱️","23F1-FE0F","스톱워치","시계, 스톱워치","1"
"travel_places","여행 및 장소","146","⏲️","23F2-FE0F","타이머 시계","시계, 타이머, 타이머 시계","1"
"travel_places","여행 및 장소","147","🕰️","1F570-FE0F","벽난로 선반 시계","시계, 벽난로, 벽난로 선반 시계","0.7"
"travel_places","여행 및 장소","148","🕛","1F55B","12:00","12, 시계, 12시, 열두 시, 12:00","0.6"
"travel_places","여행 및 장소","149","🕧","1F567","12시 30분","시계, 12:30, 열두 시 반, 12시 30분","0.7"
"travel_places","여행 및 장소","150","🕐","1F550","1:00","1, 1시, 시계, 한 시, 1:00","0.6"
"travel_places","여행 및 장소","151","🕜","1F55C","1시 30분","시계, 1:30, 한 시 반, 1시 30분","0.7"
"travel_places","여행 및 장소","152","🕑","1F551","2:00","2, 2시, 시계, 두 시, 2:00","0.6"
"travel_places","여행 및 장소","153","🕝","1F55D","2시 30분","시계, 2:30, 두 시 반, 2시 30분","0.7"
"travel_places","여행 및 장소","154","🕒","1F552","3:00","3, 3시, 시계, 세 시, 3:00","0.6"
"travel_places","여행 및 장소","155","🕞","1F55E","3시 30분","시계, 3:30, 세 시 반, 3시 30분","0.7"
"travel_places","여행 및 장소","156","🕓","1F553","4:00","4, 4시, 시계, 네 시, 4:00","0.6"
"travel_places","여행 및 장소","157","🕟","1F55F","4시 30분","시계, 4:30, 네 시 반, 4시 30분","0.7"
"travel_places","여행 및 장소","158","🕔","1F554","5:00","5, 5시, 시계, 다섯 시, 5:00","0.6"
"travel_places","여행 및 장소","159","🕠","1F560","5시 30분","시계, 5:30, 다섯 시 반, 5시 30분","0.7"
"travel_places","여행 및 장소","160","🕕","1F555","6:00","6, 6시, 시계, 여섯 시, 6:00","0.6"
"travel_places","여행 및 장소","161","🕡","1F561","6시 30분","시계, 6:30, 여섯 시 반, 6시 30분","0.7"
"travel_places","여행 및 장소","162","🕖","1F556","7:00","7, 7시, 시계, 일곱 시, 7:00","0.6"
"travel_places","여행 및 장소","163","🕢","1F562","7시 30분","시계, 7:30, 일곱 시 반, 7시 30분","0.7"
"travel_places","여행 및 장소","164","🕗","1F557","8:00","8, 8시, 시계, 여덟 시, 8:00","0.6"
"travel_places","여행 및 장소","165","🕣","1F563","8시 30분","시계, 8:30, 여덟 시 반, 8시 30분","0.7"
"travel_places","여행 및 장소","166","🕘","1F558","9:00","9, 9시, 시계, 아홉 시, 9:00","0.6"
"travel_places","여행 및 장소","167","🕤","1F564","9시 30분","시계, 9:30, 아홉 시 반, 9시 30분","0.7"
"travel_places","여행 및 장소","168","🕙","1F559","10:00","10, 시계, 열 시, 10시, 10:00","0.6"
"travel_places","여행 및 장소","169","🕥","1F565","10시 30분","시계, 열 시 반, 10:30, 10시 30분","0.7"
"travel_places","여행 및 장소","170","🕚","1F55A","11:00","11, 시계, 11시, 열한 시, 11:00","0.6"
"travel_places","여행 및 장소","171","🕦","1F566","11시 30분","시계, 11:30, 열한 시 반, 11시 30분","0.7"
"travel_places","여행 및 장소","172","🌑","1F311","초승달","삭, 달, 그믐, 뉴문, 그믐달, 초승달","0.6"
"travel_places","여행 및 장소","173","🌒","1F312","초승달 상현","달, 상현, 상현달, 초승달 상현","1"
"travel_places","여행 및 장소","174","🌓","1F313","오른쪽 반달","달, 오른쪽 반달","0.6"
"travel_places","여행 및 장소","175","🌔","1F314","상현달","달, 상현달","0.6"
"travel_places","여행 및 장소","176","🌕","1F315","보름달","달, 보름달","0.6"
"travel_places","여행 및 장소","177","🌖","1F316","하현달","달, 하현달","1"
"travel_places","여행 및 장소","178","🌗","1F317","왼쪽 반달","달, 왼쪽 반달","1"
"travel_places","여행 및 장소","179","🌘","1F318","그믐달 하현","달, 그믐달, 그믐달 하현","1"
"travel_places","여행 및 장소","180","🌙","1F319","초승달","달, 초승달","0.6"
"travel_places","여행 및 장소","181","🌚","1F31A","얼굴이 있는 삭","달, 삭, 뉴문, 달님, 얼굴이 있는 삭","1"
"travel_places","여행 및 장소","182","🌛","1F31B","얼굴이 있는 초승달","달, 달님, 얼굴이 있는 초승달","0.6"
"travel_places","여행 및 장소","183","🌜","1F31C","얼굴이 있는 그믐달","달, 달님, 그믐달, 얼굴이 있는 그믐달","0.7"
"travel_places","여행 및 장소","184","🌡️","1F321-FE0F","온도계","온도, 온도계","0.7"
"travel_places","여행 및 장소","185","☀️","2600-FE0F","맑음","해, 태양, 더움, 맑음","0.6"
"travel_places","여행 및 장소","186","🌝","1F31D","얼굴이 있는 보름달","달, 달님, 얼굴이 있는 보름달","1"
"travel_places","여행 및 장소","187","🌞","1F31E","얼굴이 있는 해","해님, 해 방긋, 얼굴이 있는 해","1"
"travel_places","여행 및 장소","188","🪐","1FA90","고리가 있는 행성","토성, 고리가 있는 행성","12"
"travel_places","여행 및 장소","189","⭐","2B50","별","별","0.6"
"travel_places","여행 및 장소","190","🌟","1F31F","반짝이는 별","별, 반짝임, 반짝이다, 반짝이는 별","0.6"
"travel_places","여행 및 장소","191","🌠","1F320","떨어지는 별","별, 낙성, 유성, 별똥별, 떨어지는 별","0.6"
"travel_places","여행 및 장소","192","🌌","1F30C","은하수","우주, 은하, 행성, 은하수","0.6"
"travel_places","여행 및 장소","193","☁️","2601-FE0F","흐림","구름, 흐림","0.6"
"travel_places","여행 및 장소","194","⛅","26C5","구름에 가린 해","해, 구름, 구름 뒤의 해, 구름에 가린 해","0.6"
"travel_places","여행 및 장소","195","⛈️","26C8-FE0F","번개가 치는 비구름","비, 구름, 번개, 번개가 치는 비구름","0.7"
"travel_places","여행 및 장소","196","🌤️","1F324-FE0F","작은 구름 뒤의 태양","해, 구름, 흐림, 작은 구름 뒤의 태양","0.7"
"travel_places","여행 및 장소","197","🌥️","1F325-FE0F","큰 구름 뒤의 태양","해, 구름, 흐림, 큰 구름 뒤의 태양","0.7"
"travel_places","여행 및 장소","198","🌦️","1F326-FE0F","비구름 뒤의 태양","비, 해, 구름, 비구름 뒤의 태양","0.7"
"travel_places","여행 및 장소","199","🌧️","1F327-FE0F","비구름","비, 구름, 비구름","0.7"
"travel_places","여행 및 장소","200","🌨️","1F328-FE0F","눈구름","눈, 구름, 날씨, 눈구름","0.7"
"travel_places","여행 및 장소","201","🌩️","1F329-FE0F","번개구름","구름, 번개, 번개구름","0.7"
"travel_places","여행 및 장소","202","🌪️","1F32A-FE0F","소용돌이","태풍, 토네이도, 소용돌이","0.7"
"travel_places","여행 및 장소","203","🌫️","1F32B-FE0F","물결표시","안개, 구름, 물결표시","0.7"
"travel_places","여행 및 장소","204","🌬️","1F32C-FE0F","얼굴이 있는 바람","바람, 바람 얼굴, 얼굴이 있는 바람","0.7"
"travel_places","여행 및 장소","205","🌀","1F300","태풍의 눈","태풍, 사이클론, 소용돌이, 태풍의 눈","0.6"
"travel_places","여행 및 장소","206","🌈","1F308","레인보우","무지개, 레인보우","0.6"
"travel_places","여행 및 장소","207","🌂","1F302","접힌 우산","비, 접힌 우산","0.6"
"travel_places","여행 및 장소","208","☂️","2602-FE0F","우산","비, 우산","0.7"
"travel_places","여행 및 장소","209","☔","2614","빗방울이 있는 우산","비, 강우, 우산, 강한 비, 빗방울이 있는 우산","0.6"
"travel_places","여행 및 장소","210","⛱️","26F1-FE0F","땅에 꽂힌 파라솔","우산, 파라솔, 해변가, 땅에 꽂힌 파라솔","0.7"
"travel_places","여행 및 장소","211","⚡","26A1","고압 경고","고압, 번개, 고압 주의, 고압 경고","0.6"
"travel_places","여행 및 장소","212","❄️","2744-FE0F","눈송이","눈, 추위, 눈송이","0.6"
"travel_places","여행 및 장소","213","☃️","2603-FE0F","눈사람","눈, 겨울, 추위, 눈사람","0.7"
"travel_places","여행 및 장소","214","⛄","26C4","스노우맨","눈, 겨울, 스노우맨","0.6"
"travel_places","여행 및 장소","215","☄️","2604-FE0F","우주","혜성, 우주","1"
"travel_places","여행 및 장소","216","🔥","1F525","화재","불, 불꽃, 화재","0.6"
"travel_places","여행 및 장소","217","💧","1F4A7","물방울","땀, 물방울","0.6"
"travel_places","여행 및 장소","218","🌊","1F30A","풍랑","파도, 물결, 풍랑","0.6"
"activities","액티비티","1","🎃","1F383","할로윈 호박","할로윈, 핼러윈, 할로윈 장식, 할로윈 호박","0.6"
"activities","액티비티","2","🎄","1F384","크리스마스 트리","크리스마스, 크리스마스 트리","0.6"
"activities","액티비티","3","🎆","1F386","불꽃 축제","축하, 불꽃놀이, 불꽃 축제","0.6"
"activities","액티비티","4","🎇","1F387","불꽃 축제","불꽃, 축하, 폭죽, 불꽃 축제","0.6"
"activities","액티비티","5","🧨","1F9E8","다이너마이트","폭죽, 폭약, 불꽃놀이, 다이너마이트","11"
"activities","액티비티","6","✨","2728","반짝반짝","블링블링, 반짝거림, 반짝반짝","0.6"
"activities","액티비티","7","🎈","1F388","파티","풍선, 축하, 파티","0.6"
"activities","액티비티","8","🎉","1F389","축하 파티","파티, 축하 파티","0.6"
"activities","액티비티","9","🎊","1F38A","박 터트리기","기념, 축하, 박 터트리기","0.6"
"activities","액티비티","10","🎋","1F38B","소원 쪽지 매달기","기원 쪽지, 소원 빌기, 소원 쪽지, 소원을 건 나무, 소원 쪽지 매달기","0.6"
"activities","액티비티","11","🎍","1F38D","일본 장식","장식, 축하, 일본 장식","0.6"
"activities","액티비티","12","🎎","1F38E","남녀 인형","인형, 일본 인형, 남녀 인형","0.6"
"activities","액티비티","13","🎏","1F38F","물고기 모양 깃발","물고기 깃발, 물고기 장식, 물고기 모양 깃발","0.6"
"activities","액티비티","14","🎐","1F390","풍경","종, 풍경","0.6"
"activities","액티비티","15","🎑","1F391","달맞이 행사","달, 달맞이, 벼이삭, 달맞이 행사","0.6"
"activities","액티비티","16","🧧","1F9E7","돈 봉투","선물, 행운, 현금, 세뱃돈, 돈 봉투","11"
"activities","액티비티","17","🎀","1F380","축하","리본, 축하","0.6"
"activities","액티비티","18","🎁","1F381","선물 포장","선물, 축하, 선물 포장","0.6"
"activities","액티비티","19","🎗️","1F397-FE0F","추모 리본","기념, 리본, 추모, 추모 리본","0.7"
"activities","액티비티","20","🎟️","1F39F-FE0F","입장 티켓","입장, 티켓, 입장 티켓","0.7"
"activities","액티비티","21","🎫","1F3AB","엔터테인먼트","표, 티켓, 공연, 엔터테인먼트","0.6"
"activities","액티비티","22","🎖️","1F396-FE0F","무공 훈장","메달, 훈장, 무공 훈장","0.7"
"activities","액티비티","23","🏆","1F3C6","트로피","우승, 트로피","0.6"
"activities","액티비티","24","🏅","1F3C5","스포츠 메달","경기, 메달, 스포츠, 스포츠 메달","1"
"activities","액티비티","25","🥇","1F947","금메달","골드, 메달, 일등, 금메달","3"
"activities","액티비티","26","🥈","1F948","은메달","메달, 실버, 이등, 은메달","3"
"activities","액티비티","27","🥉","1F949","브론즈","메달, 삼등, 동메달, 브론즈","3"
"activities","액티비티","28","⚽","26BD","축구공","공, 축구, 축구공","0.6"
"activities","액티비티","29","⚾","26BE","야구공","공, 야구, 야구공","0.6"
"activities","액티비티","30","🥎","1F94E","소프트볼","공, 야구공, 소프트볼","11"
"activities","액티비티","31","🏀","1F3C0","스포츠","농구, 운동, 농구공, 스포츠","0.6"
"activities","액티비티","32","🏐","1F3D0","배구공","배구, 배구공","1"
"activities","액티비티","33","🏈","1F3C8","미식축구공","운동, 스포츠, 미식축구, 미식축구공","0.6"
"activities","액티비티","34","🏉","1F3C9","스포츠","럭비, 운동, 럭비공, 스포츠","1"
"activities","액티비티","35","🎾","1F3BE","테니스 공","운동, 테니스, 스포츠, 테니스 공","0.6"
"activities","액티비티","36","🥏","1F94F","야외 운동","원반, 야외 운동","11"
"activities","액티비티","37","🎳","1F3B3","볼링 게임","볼링, 볼링공, 볼링핀, 볼링 게임","0.6"
"activities","액티비티","38","🏏","1F3CF","크리켓","공, 운동, 크리켓","1"
"activities","액티비티","39","🏑","1F3D1","하키 스틱","필드 하키, 하키 스틱","1"
"activities","액티비티","40","🏒","1F3D2","아이스 하키와 퍽","퍽, 하키 스틱, 아이스 하키, 아이스 하키와 퍽","1"
"activities","액티비티","41","🥍","1F94D","라크로스","골, 스틱, 그물채, 라크로스","11"
"activities","액티비티","42","🏓","1F3D3","탁구채","탁구, 탁구공, 탁구채","1"
"activities","액티비티","43","🏸","1F3F8","배드민턴채","셔틀콕, 배드민턴, 배드민턴채","1"
"activities","액티비티","44","🥊","1F94A","권투 글러브","권투, 복싱, 글러브, 스포츠, 권투 글러브","3"
"activities","액티비티","45","🥋","1F94B","합기도","도복, 유도, 가라데, 유니폼, 태권도, 합기도","3"
"activities","액티비티","46","🥅","1F945","구기종목","골대, 네트, 스포츠, 구기종목","3"
"activities","액티비티","47","⛳","26F3","구멍","골프, 구멍","0.6"
"activities","액티비티","48","⛸️","26F8-FE0F","아이스 스케이트","아이스, 스케이트, 아이스 스케이트","0.7"
"activities","액티비티","49","🎣","1F3A3","물고기","낚시, 낚싯대, 물고기","0.6"
"activities","액티비티","50","🤿","1F93F","다이빙 마스크","다이빙, 스노클링, 스킨스쿠버, 다이빙 마스크","12"
"activities","액티비티","51","🎽","1F3BD","운동복 상의","운동복, 러닝 셔츠, 민소매 상의, 운동복 상의","0.6"
"activities","액티비티","52","🎿","1F3BF","스키 부츠","스키, 운동, 스포츠, 스키 부츠","0.6"
"activities","액티비티","53","🛷","1F6F7","눈썰매","썰매, 눈썰매","5"
"activities","액티비티","54","🥌","1F94C","컬링 스톤","컬링, 컬링 스톤","5"
"activities","액티비티","55","🎯","1F3AF","과녁 명중","과녁, 명중, 양궁, 화살, 과녁 명중","0.6"
"activities","액티비티","56","🪀","1FA80","오르락내리락","요요, 장난감, 오르락내리락","12"
"activities","액티비티","57","🪁","1FA81","연날리기","연, 활공, 연날리기","12"
"activities","액티비티","58","🔫","1F52B","권총","총, 물총, 권총","0.6"
"activities","액티비티","59","🎱","1F3B1","당구 게임","당구, 당구공, 당구 게임","0.6"
"activities","액티비티","60","🔮","1F52E","수정 구슬","구슬, 수정, 예언, 운세, 수정 구슬","0.6"
"activities","액티비티","61","🪄","1FA84","마술 지팡이","마녀, 마술, 마법사, 마술 지팡이","13"
"activities","액티비티","62","🎮","1F3AE","게임 컨트롤러","게임패드, 비디오 게임, 게임 컨트롤러","0.6"
"activities","액티비티","63","🕹️","1F579-FE0F","비디오 게임","게임, 조종대, 조이스틱, 비디오 게임","0.7"
"activities","액티비티","64","🎰","1F3B0","슬롯 머신","게임, 파칭코, 슬롯 머신","0.6"
"activities","액티비티","65","🎲","1F3B2","주사위","게임, 주사위","0.6"
"activities","액티비티","66","🧩","1F9E9","직소퍼즐","퍼즐, 조각, 조각퍼즐, 직소퍼즐","11"
"activities","액티비티","67","🧸","1F9F8","테디 베어","곰인형, 솜인형, 장난감, 테디 베어","11"
"activities","액티비티","68","🪅","1FA85","피냐타","축하, 파티, 피냐타","13"
"activities","액티비티","69","🪩","1FAA9","반짝반짝","춤, 댄스, 파티, 미러볼, 디스코, 반짝반짝","14"
"activities","액티비티","70","🪆","1FA86","네스팅 인형","인형, 러시아, 마트료시카, 네스팅 인형","13"
"activities","액티비티","71","♠️","2660-FE0F","카드 게임","스페이드, 카드 게임","0.6"
"activities","액티비티","72","♥️","2665-FE0F","카드 게임","하트, 카드 게임","0.6"
"activities","액티비티","73","♦️","2666-FE0F","카드 게임","다이아몬드, 카드 게임","0.6"
"activities","액티비티","74","♣️","2663-FE0F","카드 게임","클럽, 카드 게임","0.6"
"activities","액티비티","75","♟️","265F-FE0F","체스 말","폰, 소모품, 체스 폰, 체스 말","11"
"activities","액티비티","76","🃏","1F0CF","카드","조커, 카드","0.6"
"activities","액티비티","77","🀄","1F004","마작 기호","마작, 마작 기호","0.6"
"activities","액티비티","78","🎴","1F3B4","화투패","화투, 도박, 고스톱, 화투패","0.6"
"activities","액티비티","79","🎭","1F3AD","영화관","가면, 공연, 예술, 마스크, 영화관","0.6"
"activities","액티비티","80","🖼️","1F5BC-FE0F","그림 액자","그림, 액자, 작품, 박물관, 그림 액자","0.7"
"activities","액티비티","81","🎨","1F3A8","그림 그리기","그림, 미술, 팔레트, 그림 그리기","0.6"
"activities","액티비티","82","🧵","1F9F5","바느질","실, 바늘, 실타래, 뜨개질, 바느질","11"
"activities","액티비티","83","🪡","1FAA1","바느질","바늘, 봉합, 자수, 재단, 바느질","13"
"activities","액티비티","84","🧶","1F9F6","코바늘","니트, 실뭉치, 코바늘","11"
"activities","액티비티","85","🪢","1FAA2","엉킨","매듭, 꼬인, 노끈, 밧줄, 엉킨","13"
"objects","사물","1","👓","1F453","안경","눈, 안경","0.6"
"objects","사물","2","🕶️","1F576-FE0F","선글라스","안경, 선글라스","0.7"
"objects","사물","3","🥽","1F97D","안구 보호 장비","고글, 수영, 용접, 물안경, 수영 안경, 안구 보호 장비","11"
"objects","사물","4","🥼","1F97C","실험실 가운","의사, 과학자, 실험실, 실험실 가운","11"
"objects","사물","5","🦺","1F9BA","구명조끼","안전, 응급, 조끼, 구명조끼","12"
"objects","사물","6","👔","1F454","샐러리맨","타이, 넥타이, 샐러리맨","0.6"
"objects","사물","7","👕","1F455","티셔츠","티, 티셔츠","0.6"
"objects","사물","8","👖","1F456","청바지","바지, 면바지, 청바지","0.6"
"objects","사물","9","🧣","1F9E3","스카프","스카프","5"
"objects","사물","10","🧤","1F9E4","장갑","장갑","5"
"objects","사물","11","🧥","1F9E5","재킷","코트, 재킷","5"
"objects","사물","12","🧦","1F9E6","양말","양말","5"
"objects","사물","13","👗","1F457","드레스","원피스, 드레스","0.6"
"objects","사물","14","👘","1F458","일본 기모노","기모노, 일본 기모노","0.6"
"objects","사물","15","🥻","1F97B","드레스","사리, 의복, 드레스","12"
"objects","사물","16","🩱","1FA71","원피스 수영복","수영복, 원피스 수영복","12"
"objects","사물","17","🩲","1FA72","삼각 수영복","수영복, 언더웨어, 삼각 수영복","12"
"objects","사물","18","🩳","1FA73","수영복","반바지, 수영복","12"
"objects","사물","19","👙","1F459","수영복","비키니, 수영복","0.6"
"objects","사물","20","👚","1F45A","블라우스","여성복, 블라우스","0.6"
"objects","사물","21","🪭","1FAAD","접이식 손 부채","춤, 더운, 부채, 시원한, 부끄러운, 펄럭 펄럭, 접이식 손 부채","15"
"objects","사물","22","👛","1F45B","동전","지갑, 동전","0.6"
"objects","사물","23","👜","1F45C","핸드백","백, 가방, 핸드백","0.6"
"objects","사물","24","👝","1F45D","파우치","가방, 파우치","0.6"
"objects","사물","25","🛍️","1F6CD-FE0F","쇼핑가방","쇼핑백, 쇼핑가방","0.7"
"objects","사물","26","🎒","1F392","학생 가방","가방, 학교 가방, 학생 가방","0.6"
"objects","사물","27","🩴","1FA74","비치 샌들","샌들, 조리, 가락신, 가죽 끈, 비치 샌들","13"
"objects","사물","28","👞","1F45E","남성용 신발","구두, 신발, 남성용 구두, 남성용 신발","0.6"
"objects","사물","29","👟","1F45F","스니커즈","신발, 운동화, 스니커즈","0.6"
"objects","사물","30","🥾","1F97E","하이킹","등산, 부츠, 캠핑, 등산화, 하이킹","11"
"objects","사물","31","🥿","1F97F","발레 슈즈","단화, 플랫 슈즈, 발레 슈즈","11"
"objects","사물","32","👠","1F460","여성용 신발","구두, 신발, 하이힐, 여성용 구두, 여성용 신발","0.6"
"objects","사물","33","👡","1F461","여성용 신발","샌들, 신발, 여성용 샌들, 여성용 신발","0.6"
"objects","사물","34","🩰","1FA70","발레 슈즈","춤, 발레, 발레 슈즈","12"
"objects","사물","35","👢","1F462","여성용 신발","부츠, 신발, 여성용 부츠, 여성용 신발","0.6"
"objects","사물","36","🪮","1FAAE","머리 빗","빗, 헤어, 아프로, 머리 빗","15"
"objects","사물","37","👑","1F451","왕족","왕, 왕관, 왕족","0.6"
"objects","사물","38","👒","1F452","챙 넓은 모자","모자, 여성용 모자, 챙 넓은 모자","0.6"
"objects","사물","39","🎩","1F3A9","마술사 모자","마술사, 마술사 모자","0.6"
"objects","사물","40","🎓","1F393","졸업 모자","졸업, 졸업생, 졸업식, 졸업 모자","0.6"
"objects","사물","41","🧢","1F9E2","야구모자","야구모자","5"
"objects","사물","42","🪖","1FA96","군용 헬멧","군대, 군용, 군인, 전사, 헬멧, 군용 헬멧","13"
"objects","사물","43","⛑️","26D1-FE0F","흰 십자가가 있는 헬멧","도움, 모자, 헬멧, 안전요원, 흰 십자가가 있는 헬멧","0.7"
"objects","사물","44","📿","1F4FF","예배","묵주, 기도, 예배","1"
"objects","사물","45","💄","1F484","화장품","화장, 립스틱, 화장품","0.6"
"objects","사물","46","💍","1F48D","다이아몬드 반지","링, 반지, 다이아몬드 반지","0.6"
"objects","사물","47","💎","1F48E","다이아몬드","원석, 보석, 다이아몬드","0.6"
"objects","사물","48","🔇","1F507","소리 없음","무음, 소리 끄기, 소리 없음","1"
"objects","사물","49","🔈","1F508","소리 있음","소리, 스피커, 소리 있음","0.7"
"objects","사물","50","🔉","1F509","스피커 소리 작게","소리 작게, 소리 작음, 소리 줄이기, 스피커 소리 작게","1"
"objects","사물","51","🔊","1F50A","스피커 소리 크게","소리 큼, 소리 크게, 소리 키우기, 스피커 소리 크게","0.6"
"objects","사물","52","📢","1F4E2","메가폰","확성기, 메가폰","0.6"
"objects","사물","53","📣","1F4E3","메가폰","응원, 메가폰","0.6"
"objects","사물","54","📯","1F4EF","악기","호른, 악기","1"
"objects","사물","55","🔔","1F514","벨","종, 벨","0.6"
"objects","사물","56","🔕","1F515","소리 없음","음소거, 소리 금지, 소리 없음","1"
"objects","사물","57","🎼","1F3BC","높은음자리표","악보, 음악, 높은음자리, 높은음자리표","0.6"
"objects","사물","58","🎵","1F3B5","음악","음표, 음악","0.6"
"objects","사물","59","🎶","1F3B6","노래 음표","음악, 노래 음표","0.6"
"objects","사물","60","🎙️","1F399-FE0F","스튜디오 마이크","마이크, 사회자 마이크, 스튜디오 마이크","0.7"
"objects","사물","61","🎚️","1F39A-FE0F","레벨 슬라이더","음악, 레벨 슬라이더","0.7"
"objects","사물","62","🎛️","1F39B-FE0F","컨트롤 레버","조작 레버, 컨트롤 레버","0.7"
"objects","사물","63","🎤","1F3A4","가라오케","행사, 마이크, 노래방, 가라오케","0.6"
"objects","사물","64","🎧","1F3A7","음악 감상","헤드폰, 이어폰, 음악 감상","0.6"
"objects","사물","65","📻","1F4FB","라디오","fm, 라디오","0.6"
"objects","사물","66","🎷","1F3B7","색소폰","악기, 연주, 음악, 색소폰","0.6"
"objects","사물","67","🪗","1FA97","콘서티나","아코디언, 콘서티나","13"
"objects","사물","68","🎸","1F3B8","통기타","기타, 악기, 연주, 음악, 통기타","0.6"
"objects","사물","69","🎹","1F3B9","피아노","건반, 악기, 연주, 음악, 피아노","0.6"
"objects","사물","70","🎺","1F3BA","트럼펫","악기, 연주, 음악, 트럼펫","0.6"
"objects","사물","71","🎻","1F3BB","바이올린","악기, 연주, 음악, 바이올린","0.6"
"objects","사물","72","🪕","1FA95","현악기","밴조, 음악, 현악기","12"
"objects","사물","73","🥁","1F941","음악","북, 드럼, 북채, 음악","3"
"objects","사물","74","🪘","1FA98","긴 북","드럼, 리듬, 박자, 콩가, 긴 북","13"
"objects","사물","75","🪇","1FA87","달가닥 소리","떨림, 악기, 음악, 타악기, 마라카스, 달가닥 소리","15"
"objects","사물","76","🪈","1FA88","목관악기","음악, 피리, 플루트, 리코더, 파이프, 목관악기","15"
"objects","사물","77","📱","1F4F1","모바일폰","휴대폰, 휴대전화, 모바일폰","0.6"
"objects","사물","78","📲","1F4F2","왼쪽에 화살표가 있는 휴대전화","통화, 휴대폰, 모바일폰, 휴대전화, 왼쪽에 화살표가 있는 휴대전화","0.6"
"objects","사물","79","☎️","260E-FE0F","유선전화","전화기, 유선전화","0.6"
"objects","사물","80","📞","1F4DE","수화기","전화, 수화기","0.6"
"objects","사물","81","📟","1F4DF","호출기","삐삐, 호출기","0.6"
"objects","사물","82","📠","1F4E0","팩시밀리","팩스, 팩스기, 팩시밀리","0.6"
"objects","사물","83","🔋","1F50B","배터리 충전","배터리, 건전지, 배터리 충전","0.6"
"objects","사물","84","🪫","1FAAB","배터리 부족","전기, 배터리 부족","14"
"objects","사물","85","🔌","1F50C","전기 플러그","전기, 플러그, 전기 플러그","0.6"
"objects","사물","86","💻","1F4BB","노트북","pc, 랩탑, 노트북","0.6"
"objects","사물","87","🖥️","1F5A5-FE0F","데스크톱 컴퓨터","컴퓨터, 데스크톱, 데스크톱 컴퓨터","0.7"
"objects","사물","88","🖨️","1F5A8-FE0F","인쇄기","프린터, 인쇄기","0.7"
"objects","사물","89","⌨️","2328-FE0F","키보드","키보드","1"
"objects","사물","90","🖱️","1F5B1-FE0F","컴퓨터 마우스","마우스, 컴퓨터, 컴퓨터 마우스","0.7"
"objects","사물","91","🖲️","1F5B2-FE0F","컴퓨터","트랙볼, 마우스, 컴퓨터","0.7"
"objects","사물","92","💽","1F4BD","미니 디스크","엠디, md, 디스크, 미니 디스크","0.6"
"objects","사물","93","💾","1F4BE","플로피 디스크","디스켓, 플로피 디스크","0.6"
"objects","사물","94","💿","1F4BF","광학 디스크","씨디, cd, dvd, 디비디, 블루레이, 광학 디스크","0.6"
"objects","사물","95","📀","1F4C0","dvd","디비디, dvd","0.6"
"objects","사물","96","🧮","1F9EE","암산","주판, 암산","11"
"objects","사물","97","🎥","1F3A5","카메라 촬영","촬영, 영화 카메라, 카메라 촬영","0.6"
"objects","사물","98","🎞️","1F39E-FE0F","영화 프레임","영화, 필름, 영화 프레임","0.7"
"objects","사물","99","📽️","1F4FD-FE0F","영화 프로젝터","무비, 영화, 프로젝터, 영화 프로젝터","0.7"
"objects","사물","100","🎬","1F3AC","클래퍼보드","영화, 슬레이트, 영화 촬영, 클래퍼보드","0.6"
"objects","사물","101","📺","1F4FA","텔레비전","tv, 티비, 텔레비전","0.6"
"objects","사물","102","📷","1F4F7","사진 촬영","사진, 카메라, 사진 촬영","0.6"
"objects","사물","103","📸","1F4F8","플래시를 터트리고 있는 카메라","카메라, 플래시, 플래시를 터트리고 있는 카메라","1"
"objects","사물","104","📹","1F4F9","비디오 카메라","캠코더, 동영상 촬영, 비디오 카메라","0.6"
"objects","사물","105","📼","1F4FC","비디오테이프","비디오, 테이프, 비디오테이프","0.6"
"objects","사물","106","🔍","1F50D","왼쪽으로 향한 돋보기","검색, 검색하기, 왼쪽으로 향한 돋보기","0.6"
"objects","사물","107","🔎","1F50E","오른쪽으로 향한 돋보기","검색, 검색하기, 오른쪽으로 향한 돋보기","0.6"
"objects","사물","108","🕯️","1F56F-FE0F","캔들","양초, 캔들","0.7"
"objects","사물","109","💡","1F4A1","기발한 생각","전구, 아하, 아이디어, 기발한 생각","0.6"
"objects","사물","110","🔦","1F526","손전등","전등, 손전등","0.6"
"objects","사물","111","🏮","1F3EE","일본식 선술집","홍등, 선술집, 이자카야, 일본식 등, 일본식 선술집","0.6"
"objects","사물","112","🪔","1FA94","기름 램프","기름, 디야, 램프, 기름 램프","12"
"objects","사물","113","📔","1F4D4","표지가 있는 노트","공책, 노트, 표지가 있는 노트","0.6"
"objects","사물","114","📕","1F4D5","펼치지 않은 책","책, 도서, 펼치지 않은 책","0.6"
"objects","사물","115","📖","1F4D6","펼쳐진 책","책, 펼쳐진 책","0.6"
"objects","사물","116","📗","1F4D7","초록색 책","책, 녹색 책, 초록색 책","0.6"
"objects","사물","117","📘","1F4D8","파란색 책","책, 파란 책, 파란색 책","0.6"
"objects","사물","118","📙","1F4D9","오렌지색 책","책, 주황색 책, 오렌지색 책","0.6"
"objects","사물","119","📚","1F4DA","책 여러 권","책, 책 여러 권","0.6"
"objects","사물","120","📓","1F4D3","노트","공책, 노트","0.6"
"objects","사물","121","📒","1F4D2","원장","노트, 공책, 원장","0.6"
"objects","사물","122","📃","1F4C3","안으로 말린 문서","페이지, 안으로 말린 문서","0.6"
"objects","사물","123","📜","1F4DC","스크롤","문서, 스크롤","0.6"
"objects","사물","124","📄","1F4C4","오른쪽 모서리가 접힌 문서","페이지, 오른쪽 모서리가 접힌 문서","0.6"
"objects","사물","125","📰","1F4F0","정보","신문, 소식, 정보","0.6"
"objects","사물","126","🗞️","1F5DE-FE0F","돌돌 말린 신문","신문, 신문 뭉치, 돌돌 말린 신문","0.7"
"objects","사물","127","📑","1F4D1","북마크 탭","마커, 포스트잇, 북마크 탭","0.6"
"objects","사물","128","🔖","1F516","책갈피","마크, 표시, 북마크, 책갈피","0.6"
"objects","사물","129","🏷️","1F3F7-FE0F","라벨","택, 라벨","0.7"
"objects","사물","130","💰","1F4B0","돈주머니","돈가방, 주머니, 돈주머니","0.6"
"objects","사물","131","🪙","1FA99","보물","금, 돈, 은, 동전, 금속, 보물","13"
"objects","사물","132","💴","1F4B4","일본 화폐","엔, 엔화, 일본 돈, 일본 화폐","0.6"
"objects","사물","133","💵","1F4B5","미국 화폐","달러, 달러화, 미국 돈, 미국 화폐","0.6"
"objects","사물","134","💶","1F4B6","유럽 화폐","유로, 유로화, 유럽 돈, 유럽 화폐","1"
"objects","사물","135","💷","1F4B7","영국 화폐","파운드, 영국 돈, 파운드화, 영국 화폐","1"
"objects","사물","136","💸","1F4B8","날개 달린 돈","돈, 손해, 지폐, 돈 날림, 날아가는 돈, 날개 달린 돈","0.6"
"objects","사물","137","💳","1F4B3","신용카드","카드, 신용카드","0.6"
"objects","사물","138","🧾","1F9FE","영수증","기록, 증빙, 회계, 영수증","11"
"objects","사물","139","💹","1F4B9","엔화 관련 상승하는 그래프","호황, 시장 호황, 엔화 관련 상승하는 그래프","0.6"
"objects","사물","140","✉️","2709-FE0F","이메일","봉투, 편지, 이메일","0.6"
"objects","사물","141","📧","1F4E7","이메일","편지, 이메일","0.6"
"objects","사물","142","📨","1F4E8","수신된 이메일","편지, 이메일, 받은 편지, 받은 이메일, 수신된 편지, 수신된 이메일","0.6"
"objects","사물","143","📩","1F4E9","전송된 이메일","편지, 이메일, 보낸 편지, 보낸 이메일, 전송된 편지, 전송된 이메일","0.6"
"objects","사물","144","📤","1F4E4","편지 보내기","편지, 이메일, 메일 전송, 보낸편지함, 보낸 편지함, 편지 보내기","0.6"
"objects","사물","145","📥","1F4E5","받은 편지함","편지, 이메일, 메일 수신, 받은편지함, 편지 받기, 받은 편지함","0.6"
"objects","사물","146","📦","1F4E6","소포 상자","소포, 꾸러미, 소포 박스, 소포 상자","0.6"
"objects","사물","147","📫","1F4EB","표지가 올라간 닫힌 우편함","편지, 우편함, 표지가 올라간 닫힌 우편함","0.6"
"objects","사물","148","📪","1F4EA","표지가 내려간 닫힌 우편함","편지, 우편함, 표지가 내려간 닫힌 우편함","0.6"
"objects","사물","149","📬","1F4EC","표지가 올라간 열린 우편함","편지, 우편함, 표지가 올라간 열린 우편함","0.7"
"objects","사물","150","📭","1F4ED","표지가 내려간 열린 우편함","편지, 우편함, 표지가 내려간 열린 우편함","0.7"
"objects","사물","151","📮","1F4EE","우체국","편지, 우편함, 우체국","0.6"
"objects","사물","152","🗳️","1F5F3-FE0F","투표 용지가 있는 투표 상자","투표, 투표상자, 투표 용지가 있는 투표 상자","0.7"
"objects","사물","153","✏️","270F-FE0F","필기도구","연필, 필기도구","0.6"
"objects","사물","154","✒️","2712-FE0F","검은색 펜촉","펜, 펜촉, 검은색 펜촉","0.6"
"objects","사물","155","🖋️","1F58B-FE0F","필기도구","펜촉, 만년필, 필기도구","0.7"
"objects","사물","156","🖊️","1F58A-FE0F","볼펜","펜, 볼펜","0.7"
"objects","사물","157","🖌️","1F58C-FE0F","페인트 브러쉬","붓, 페인트붓, 페인트 브러쉬","0.7"
"objects","사물","158","🖍️","1F58D-FE0F","크레파스","크레용, 크레파스","0.7"
"objects","사물","159","📝","1F4DD","메모지","메모, 메모장, 메모지","0.6"
"objects","사물","160","💼","1F4BC","서류 가방","가방, 서류 가방","0.6"
"objects","사물","161","📁","1F4C1","파일","폴더, 파일","0.6"
"objects","사물","162","📂","1F4C2","열린 폴더","열기, 파일, 폴더, 폴더 열기, 열린 폴더","0.6"
"objects","사물","163","🗂️","1F5C2-FE0F","카드 색인 파일","색인, 카드, 파일, 폴더, 카드 색인 파일","0.7"
"objects","사물","164","📅","1F4C5","캘린더","달력, 일정, 캘린더","0.6"
"objects","사물","165","📆","1F4C6","뜯어진 달력","달력, 일정, 캘린더, 뜯어진 달력","0.6"
"objects","사물","166","🗒️","1F5D2-FE0F","스프링 노트","노트, 노트 패드, 스프링 노트","0.7"
"objects","사물","167","🗓️","1F5D3-FE0F","벽걸이 달력","달력, 스프링 달력, 벽걸이 달력","0.7"
"objects","사물","168","📇","1F4C7","카드 인덱스","명함, 카드, 인덱스, 카드 인덱스","0.6"
"objects","사물","169","📈","1F4C8","상승하는 그래프","상향, 호황, 그래프, 상승하는 그래프","0.6"
"objects","사물","170","📉","1F4C9","내려가는 그래프","불황, 하향, 그래프, 내려가는 그래프","0.6"
"objects","사물","171","📊","1F4CA","막대 그래프","그래프, 막대그래프, 막대 그래프","0.6"
"objects","사물","172","📋","1F4CB","클립보드","클립, 클리핑, 클립보드","0.6"
"objects","사물","173","📌","1F4CC","압정","핀, 압정","0.6"
"objects","사물","174","📍","1F4CD","둥근 머리 압정","핀, 압정, 둥근 머리 핀, 둥근 머리 압정","0.6"
"objects","사물","175","📎","1F4CE","종이 클립","클립, 종이 클립","0.6"
"objects","사물","176","🖇️","1F587-FE0F","이어져 있는 클립","클립, 이어져 있는 클립","0.7"
"objects","사물","177","📏","1F4CF","직각","자, 직각","0.6"
"objects","사물","178","📐","1F4D0","삼각형","자, 삼각자, 삼각형","0.6"
"objects","사물","179","✂️","2702-FE0F","도구","가위, 기구, 도구","0.6"
"objects","사물","180","🗃️","1F5C3-FE0F","카드 파일 상자","카드 상자, 카드 파일 상자","0.7"
"objects","사물","181","🗄️","1F5C4-FE0F","파일 보관 서랍장","파일, 캐비닛, 파일 보관 서랍장","0.7"
"objects","사물","182","🗑️","1F5D1-FE0F","쓰레기통","휴지통, 쓰레기통","0.7"
"objects","사물","183","🔒","1F512","자물쇠","락, 잠금, 자물쇠","0.6"
"objects","사물","184","🔓","1F513","열린 자물쇠","락, 자물쇠, 잠금풀림, 열린 자물쇠","0.6"
"objects","사물","185","🔏","1F50F","자물쇠와 펜","펜, 사생활, 자물쇠, 프라이버시, 자물쇠와 펜","0.6"
"objects","사물","186","🔐","1F510","자물쇠와 열쇠","보안, 열쇠, 자물쇠, 자물쇠와 열쇠","0.6"
"objects","사물","187","🔑","1F511","패스워드","열쇠, 패스워드","0.6"
"objects","사물","188","🗝️","1F5DD-FE0F","오래된 열쇠","열쇠, 보물 열쇠, 오래된 열쇠","0.7"
"objects","사물","189","🔨","1F528","해머","망치, 도구, 해머","0.6"
"objects","사물","190","🪓","1FA93","쪼개기","도끼, 나무, 손도끼, 쪼개기","12"
"objects","사물","191","⛏️","26CF-FE0F","곡괭이","광산, 곡괭이","0.7"
"objects","사물","192","⚒️","2692-FE0F","망치와 곡괭이","망치, 곡괭이, 망치와 곡괭이","1"
"objects","사물","193","🛠️","1F6E0-FE0F","망치와 렌치","렌치, 망치, 스패너, 망치와 렌치","0.7"
"objects","사물","194","🗡️","1F5E1-FE0F","대거","단검, 단도, 대거","0.7"
"objects","사물","195","⚔️","2694-FE0F","쌍검","검, 쌍검","1"
"objects","사물","196","💣","1F4A3","폭발","폭탄, 폭발","0.6"
"objects","사물","197","🪃","1FA83","부메랑","반동, 영향, 호주, 부메랑","13"
"objects","사물","198","🏹","1F3F9","활과 화살","활, 궁수, 화살, 사수자리, 활과 화살","1"
"objects","사물","199","🛡️","1F6E1-FE0F","보호","방패, 보호","0.7"
"objects","사물","200","🪚","1FA9A","목공 톱","톱, 도구, 목수, 목재, 목공 톱","13"
"objects","사물","201","🔧","1F527","도구","렌치, 도구","0.6"
"objects","사물","202","🪛","1FA9B","드라이버","나사, 도구, 드라이버","13"
"objects","사물","203","🔩","1F529","볼트와 너트","나사, 너트, 도구, 볼트, 볼트와 너트","0.6"
"objects","사물","204","⚙️","2699-FE0F","톱니바퀴","기어, 톱니바퀴","1"
"objects","사물","205","🗜️","1F5DC-FE0F","콤프레셔","압축기, 콤프레셔","0.7"
"objects","사물","206","⚖️","2696-FE0F","천칭자리","균형, 저울, 정의, 접시저울, 천칭자리","1"
"objects","사물","207","🦯","1F9AF","시각장애인 지팡이","접근성, 지팡이, 시각장애, 시각장애인 지팡이","12"
"objects","사물","208","🔗","1F517","링크 표시","링크, 링크 표시","0.6"
"objects","사물","209","⛓️‍💥","26D3-FE0F-200D-1F4A5","끊어진 쇠사슬","사슬, 수갑, 자유, 족쇄, 끊어진, 부서진, 끊어진 쇠사슬","15.1"
"objects","사물","210","⛓️","26D3-FE0F","쇠사슬","사슬, 체인, 쇠사슬","0.7"
"objects","사물","211","🪝","1FA9D","걸리게 하다","고리, 곡선, 갈고리, 팔리는, 걸리게 하다","13"
"objects","사물","212","🧰","1F9F0","정비공","공구, 공구통, 공구함, 정비공","11"
"objects","사물","213","🧲","1F9F2","말굽 자석","자석, 편자, 말굽 자석","11"
"objects","사물","214","🪜","1FA9C","사다리","계단, 단계, 상승, 사다리","13"
"objects","사물","215","⚗️","2697-FE0F","증류기","정류, 정화, 증류, 증류기","1"
"objects","사물","216","🧪","1F9EA","연구실","과학, 실험, 화학, 시험관, 연구실","11"
"objects","사물","217","🧫","1F9EB","페트리 접시","미생물, 생물학, 실험실, 박테리아, 페트리 접시","11"
"objects","사물","218","🧬","1F9EC","유전학","생물, 유전, 진화, DNA, dna, 생물학, 유전학","11"
"objects","사물","219","🔬","1F52C","현미경","기구, 도구, 장치, 현미경","1"
"objects","사물","220","🔭","1F52D","망원경","도구, 장비, 망원경","1"
"objects","사물","221","📡","1F4E1","위성 안테나","안테나, 위성 방송, 위성 안테나","0.6"
"objects","사물","222","💉","1F489","주사 바늘","병원, 치료, 주사기, 주사 바늘","0.6"
"objects","사물","223","🩸","1FA78","핏방울","생리, 헌혈, 핏방울","12"
"objects","사물","224","💊","1F48A","알약","약, 알약","0.6"
"objects","사물","225","🩹","1FA79","반창고","밴드, 반창고","12"
"objects","사물","226","🩼","1FA7C","이동 보조","목발, 막대, 장애, 다치다, 지팡이, 이동 보조","14"
"objects","사물","227","🩺","1FA7A","심박수","의사, 청진기, 심박수","12"
"objects","사물","228","🩻","1FA7B","엑스레이","뼈, 의료, 의사, 해골, 엑스레이","14"
"objects","사물","229","🚪","1F6AA","도어","문, 도어","0.6"
"objects","사물","230","🛗","1F6D7","승강 장치","승강기, 접근성, 엘리베이터, 승강 장치","13"
"objects","사물","231","🪞","1FA9E","반사체","거울, 검경, 반사, 반사체","13"
"objects","사물","232","🪟","1FA9F","맑은 공기","창문, 전망, 창틀, 투명한, 맑은 공기","13"
"objects","사물","233","🛏️","1F6CF-FE0F","호텔","침대, 호텔","0.7"
"objects","사물","234","🛋️","1F6CB-FE0F","소파와 전등","소파, 전등, 소파와 전등","0.7"
"objects","사물","235","🪑","1FA91","앉기","의자, 앉기","12"
"objects","사물","236","🚽","1F6BD","변기","변기","0.6"
"objects","사물","237","🪠","1FAA0","화장실","변기, 흡입, 뚫어뻥, 배관공, 화장실","13"
"objects","사물","238","🚿","1F6BF","샤워","물, 샤워","1"
"objects","사물","239","🛁","1F6C1","샤워","욕조, 목욕, 샤워","1"
"objects","사물","240","🪤","1FAA4","함정","덫, 쥐덫, 미끼, 함정","13"
"objects","사물","241","🪒","1FA92","날카로운","면도, 면도칼, 날카로운","12"
"objects","사물","242","🧴","1F9F4","모이스처라이저","로션, 샴푸, 선크림, 모이스처라이저","11"
"objects","사물","243","🧷","1F9F7","고정용 핀","옷핀, 고정용 핀","11"
"objects","사물","244","🧹","1F9F9","빗자루","마녀, 비질, 빗자루","11"
"objects","사물","245","🧺","1F9FA","빨래바구니","바구니, 빨래바구니","11"
"objects","사물","246","🧻","1F9FB","종이 수건","휴지, 화장지, 두루마리, 종이 수건","11"
"objects","사물","247","🪣","1FAA3","양동이","통, 들통, 양동이","13"
"objects","사물","248","🧼","1F9FC","비누 그릇","비누, 목욕, 클렌징, 비누 거품, 비누 그릇","11"
"objects","사물","249","🫧","1FAE7","물 속","거품, 비누, 청소, 트림, 물 속","14"
"objects","사물","250","🪥","1FAA5","깨끗한","솔, 이, 칫솔, 욕실, 위생, 깨끗한","13"
"objects","사물","251","🧽","1F9FD","스펀지","청소, 흡수, 스펀지","11"
"objects","사물","252","🧯","1F9EF","소화기","소화, 진화, 소화기","11"
"objects","사물","253","🛒","1F6D2","쇼핑카트","카트, 장보기, 쇼핑카트","3"
"objects","사물","254","🚬","1F6AC","흡연 구역 신호","담배, 흡연, 흡연 구역 신호","0.6"
"objects","사물","255","⚰️","26B0-FE0F","장례식","관, 죽음, 장례식","1"
"objects","사물","256","🪦","1FAA6","무덤","묘비, 묘석, 묘지, 무덤","13"
"objects","사물","257","⚱️","26B1-FE0F","납골 단지","단지, 죽음, 납골 단지","1"
"objects","사물","258","🧿","1F9FF","악마의 눈","구슬, 부적, 나자르, 탈리스만, 악마의 눈","11"
"objects","사물","259","🪬","1FAAC","파티마","손, 함사, 보호, 부적, 마리아, 미리암, 파티마","14"
"objects","사물","260","🗿","1F5FF","모아이상","석상, 모아이, 모아이상","0.6"
"objects","사물","261","🪧","1FAA7","플래카드","데모, 시위, 피켓, 표지판, 플래카드","13"
"objects","사물","262","🪪","1FAAA","허가증","id, 보안, 신분증, 자격증, 허가증","14"
"symbols","기호","1","🏧","1F3E7","현금인출기","atm, 에이티엠, 현금인출기","0.6"
"symbols","기호","2","🚮","1F6AE","쓰레기는 쓰레기통에","쓰레기, 쓰레기통, 쓰레기는 쓰레기통에","1"
"symbols","기호","3","🚰","1F6B0","식수대","음수대, 식수대","1"
"symbols","기호","4","♿","267F","장애인","휠체어, 장애인","0.6"
"symbols","기호","5","🚹","1F6B9","남자 화장실","남성, 남성용, 남자용, 남자 화장실","0.6"
"symbols","기호","6","🚺","1F6BA","여자 화장실","여성, 여성용, 여자용, 여자 화장실","0.6"
"symbols","기호","7","🚻","1F6BB","공중화장실","화장실, 공중화장실","0.6"
"symbols","기호","8","🚼","1F6BC","기저귀","수유실, 기저귀","0.6"
"symbols","기호","9","🚾","1F6BE","공중화장실","화장실, 더블유씨, 공중화장실","0.6"
"symbols","기호","10","🛂","1F6C2","출입국 심사","여권, 출입국 심사","1"
"symbols","기호","11","🛃","1F6C3","세관","세관","1"
"symbols","기호","12","🛄","1F6C4","짐 찾는 곳","짐, 화물, 짐 찾는 곳","1"
"symbols","기호","13","🛅","1F6C5","화물 서비스","짐, 화물, 화물 서비스","1"
"symbols","기호","14","⚠️","26A0-FE0F","경고","주의, 경고","0.6"
"symbols","기호","15","🚸","1F6B8","어린이 보호 구역","어린이, 어린이 구역, 어린이 보호 구역","1"
"symbols","기호","16","⛔","26D4","진입 금지 표시","진입 금지, 들어오지 마시오, 진입 금지 표시","0.6"
"symbols","기호","17","🚫","1F6AB","진입 금지 표시","금지, 들어오지 마시오, 진입 금지 표시","0.6"
"symbols","기호","18","🚳","1F6B3","자전거 주행 금지","자전거 금지, 자전거 주행 금지","1"
"symbols","기호","19","🚭","1F6AD","금연 구역 신호","금연 신호, 금연 구역, 금연 구역 신호","0.6"
"symbols","기호","20","🚯","1F6AF","쓰레기 투기 금지","금지, 쓰레기, 쓰레기 투기, 쓰레기 투기 금지","1"
"symbols","기호","21","🚱","1F6B1","마실 수 없는 물","섭취 금지, 마시지 마시오, 마실 수 없는 물","1"
"symbols","기호","22","🚷","1F6B7","보행자 통행 금지","보행자 금지, 보행자 통행 금지","1"
"symbols","기호","23","📵","1F4F5","휴대전화 사용금지","전화 사용금지, 휴대전화 끄기, 휴대전화 사용금지","1"
"symbols","기호","24","🔞","1F51E","18세 이하 금지","성인용, 18금, 18세, 18세 이하 금지","0.6"
"symbols","기호","25","☢️","2622-FE0F","방사선","위험, 주의, 방사능, 방사선","1"
"symbols","기호","26","☣️","2623-FE0F","생물학적 위험","바이오해저드, 생물학적 위험","1"
"symbols","기호","27","⬆️","2B06-FE0F","상향 화살표","북쪽, 위쪽, 화살표, 상향 화살표","0.6"
"symbols","기호","28","↗️","2197-FE0F","우상향 화살표","북동쪽, 화살표, 우상향 화살표","0.6"
"symbols","기호","29","➡️","27A1-FE0F","우향 화살표","동쪽, 화살표, 우향 화살표","0.6"
"symbols","기호","30","↘️","2198-FE0F","우하향 화살표","남동쪽, 화살표, 우하향 화살표","0.6"
"symbols","기호","31","⬇️","2B07-FE0F","하향 화살표","남쪽, 화살표, 하향 화살표","0.6"
"symbols","기호","32","↙️","2199-FE0F","좌하향 화살표","남서쪽, 화살표, 좌하향 화살표","0.6"
"symbols","기호","33","⬅️","2B05-FE0F","좌향 화살표","서쪽, 화살표, 좌향 화살표","0.6"
"symbols","기호","34","↖️","2196-FE0F","좌상향 화살표","북서쪽, 화살표, 좌상향 화살표","0.6"
"symbols","기호","35","↕️","2195-FE0F","상하향 화살표","위아래, 화살표, 상하향 화살표","0.6"
"symbols","기호","36","↔️","2194-FE0F","좌우향 화살표","좌우, 화살표, 좌우향 화살표","0.6"
"symbols","기호","37","↩️","21A9-FE0F","왼쪽으로 꺾어지는 우향 화살표","좌회전, 화살표, 왼쪽으로 꺾어지는 우향 화살표","0.6"
"symbols","기호","38","↪️","21AA-FE0F","오른쪽으로 꺾어지는 좌향 화살표","우회전, 화살표, 오른쪽으로 꺾어지는 좌향 화살표","0.6"
"symbols","기호","39","⤴️","2934-FE0F","위쪽으로 꺾어지는 우향 화살표","좌회전, 화살표, 위쪽으로 꺾어지는 우향 화살표","0.6"
"symbols","기호","40","⤵️","2935-FE0F","아래쪽으로 꺾어지는 우향 화살표","우회전, 화살표, 아래쪽으로 꺾어지는 우향 화살표","0.6"
"symbols","기호","41","🔃","1F503","시계 방향 화살표","화살표, 새로고침, 새로고침 표시, 시계 방향 화살표","0.6"
"symbols","기호","42","🔄","1F504","반시계 방향 화살표","화살표, 반시계 방향, 반시계 방향 화살표","1"
"symbols","기호","43","🔙","1F519","왼쪽 화살표","뒤로, 화살표, 왼쪽 화살표","0.6"
"symbols","기호","44","🔚","1F51A","끝내기 화살표","종료, 화살표, 끝내기 화살표","0.6"
"symbols","기호","45","🔛","1F51B","양쪽 방향 화살표","켜짐, 화살표, 양쪽 방향 화살표","0.6"
"symbols","기호","46","🔜","1F51C","곧 진행된다는 화살표","곧, 화살표, 곧 진행된다는 신호, 곧 진행된다는 표시, 곧 진행된다는 화살표","0.6"
"symbols","기호","47","🔝","1F51D","위쪽 화살표","상단, 화살표, 위쪽으로, 위로 화살표, 위쪽 화살표","0.6"
"symbols","기호","48","🛐","1F6D0","예배공간","기도, 사원, 예배, 예배공간","1"
"symbols","기호","49","⚛️","269B-FE0F","원자 기호","원자, 원자 기호","1"
"symbols","기호","50","🕉️","1F549-FE0F","힌두교","옴, 힌두교","0.7"
"symbols","기호","51","✡️","2721-FE0F","다비드별","별, 다비드, 유대교, 다비드별","0.7"
"symbols","기호","52","☸️","2638-FE0F","진리의 수레바퀴","바퀴, 불교, 다르마, 수레바퀴, 진리의 수레바퀴","0.7"
"symbols","기호","53","☯️","262F-FE0F","음양","양, 음, 음양","0.7"
"symbols","기호","54","✝️","271D-FE0F","라틴 십자가","종교, 기독교, 십자가, 라틴 십자가","0.7"
"symbols","기호","55","☦️","2626-FE0F","전통적인 십자가","종교, 기독교, 십자가, 전통적인 십자가","1"
"symbols","기호","56","☪️","262A-FE0F","초승달과 별","별, 종교, 이슬람, 초승달, 초승달과 별","0.7"
"symbols","기호","57","☮️","262E-FE0F","평화 기호","평화, 평화 기호","1"
"symbols","기호","58","🕎","1F54E","유대교","촛대, 메노라, 유대교","1"
"symbols","기호","59","🔯","1F52F","육각형 별","별, 육각 별, 육각형 별","0.6"
"symbols","기호","60","🪯","1FAAF","시크교","칸다, 종교, 시크교","15"
"symbols","기호","61","♈","2648","별자리","별, 양, 양자리, 별자리","0.6"
"symbols","기호","62","♉","2649","황소자리","별, 황소, 별자리, 황소자리","0.6"
"symbols","기호","63","♊","264A","쌍둥이 자리","별, 별자리, 쌍둥이, 쌍둥이 자리","0.6"
"symbols","기호","64","♋","264B","별자리","게자리, 별자리","0.6"
"symbols","기호","65","♌","264C","사자자리","별, 사자, 별자리, 사자자리","0.6"
"symbols","기호","66","♍","264D","처녀자리","별, 처녀, 별자리, 처녀자리","0.6"
"symbols","기호","67","♎","264E","천칭자리","별, 천칭, 별자리, 천칭자리","0.6"
"symbols","기호","68","♏","264F","스콜피온","별, 전갈, 별자리, 전갈자리, 스콜피온","0.6"
"symbols","기호","69","♐","2650","사수자리","별, 활, 별자리, 사수자리","0.6"
"symbols","기호","70","♑","2651","염소자리","별, 염소, 별자리, 염소자리","0.6"
"symbols","기호","71","♒","2652","물병자리","물, 별, 물병, 별자리, 물병자리","0.6"
"symbols","기호","72","♓","2653","물고기자리","별, 물고기, 별자리, 물고기자리","0.6"
"symbols","기호","73","⛎","26CE","뱀주인자리","별자리, 뱀주인자리","0.6"
"symbols","기호","74","🔀","1F500","엇갈린 화살표","화살표, 랜덤 재생, 엇갈린 화살표","1"
"symbols","기호","75","🔁","1F501","꼬리를 무는 화살표","화살표, 전곡 반복 재생, 꼬리를 무는 화살표","1"
"symbols","기호","76","🔂","1F502","꼬리를 무는 화살표와 숫자 1","화살표, 한 곡 반복 재생, 꼬리를 무는 화살표와 숫자 1","1"
"symbols","기호","77","▶️","25B6-FE0F","재생 버튼","재생, 삼각형, 플레이, 재생 버튼","0.6"
"symbols","기호","78","⏩","23E9","오른쪽 화살표 두 개","빨리 감기, 오른쪽 화살표 두 개","0.6"
"symbols","기호","79","⏭️","23ED-FE0F","다음 트랙 버튼","다음 장면, 다음 트랙, 다음 트랙 버튼","0.7"
"symbols","기호","80","⏯️","23EF-FE0F","재생 또는 일시 정지 버튼","재생, 일시 정지, 재생 또는 일시 정지 버튼","1"
"symbols","기호","81","◀️","25C0-FE0F","반대로 버튼","반대, 복귀, 반대로 버튼","0.6"
"symbols","기호","82","⏪","23EA","왼쪽 화살표 두 개","되감기, 왼쪽 화살표 두 개","0.6"
"symbols","기호","83","⏮️","23EE-FE0F","마지막 트랙 버튼","최종 트랙, 마지막 노래, 마지막 트랙, 마지막 트랙 버튼","0.7"
"symbols","기호","84","🔼","1F53C","위쪽 삼각형 버튼","삼각형, 위쪽 삼각형, 위쪽 삼각형 버튼","0.6"
"symbols","기호","85","⏫","23EB","위쪽 화살표","위로, 위쪽, 위쪽 화살표","0.6"
"symbols","기호","86","🔽","1F53D","아래쪽 삼각형 버튼","삼각형, 아래쪽 삼각형, 아래쪽 삼각형 버튼","0.6"
"symbols","기호","87","⏬","23EC","아래쪽 화살표","아래로, 아랫쪽, 아래쪽 화살표","0.6"
"symbols","기호","88","⏸️","23F8-FE0F","일시 정지 버튼","정지, 일시 정지, 일시 정지 버튼","0.7"
"symbols","기호","89","⏹️","23F9-FE0F","정지 버튼","정지, 중단, 중지, 사각형, 정지 버튼","0.7"
"symbols","기호","90","⏺️","23FA-FE0F","녹음 버튼","원, 기록, 녹음, 동그라미, 녹음 버튼","0.7"
"symbols","기호","91","⏏️","23CF-FE0F","꺼냄 버튼","꺼냄, 추출, 꺼내기, 꺼냄 버튼","1"
"symbols","기호","92","🎦","1F3A6","영화관","영화, 극장, 영화관","0.6"
"symbols","기호","93","🔅","1F505","어두움 표시","어두움, 밝기 낮음, 낮은 밝기, 어두움 표시","1"
"symbols","기호","94","🔆","1F506","밝음 표시","밝음, 밝기 높음, 높은 밝기, 밝음 표시","1"
"symbols","기호","95","📶","1F4F6","안테나 신호","안테나, 휴대전화, 신호 강도, 안테나 신호","0.6"
"symbols","기호","96","🛜","1F6DC","네트워크","무선, 인터넷, 컴퓨터, 네트워크","15"
"symbols","기호","97","📳","1F4F3","휴대전화 진동모드","진동 모드, 휴대전화 진동모드","0.6"
"symbols","기호","98","📴","1F4F4","전원이 꺼진 휴대전화","휴대전화 끄기, 휴대전화 전원 끄기, 전원이 꺼진 휴대전화","0.6"
"symbols","기호","99","♀️","2640-FE0F","여성 기호","기호, 여성, 여성 기호","4"
"symbols","기호","100","♂️","2642-FE0F","남성 기호","기호, 남성, 남성 기호","4"
"symbols","기호","101","⚧️","26A7-FE0F","트랜스젠더 기호","트랜스젠더, 트랜스젠더 기호","13"
"symbols","기호","102","✖️","2716-FE0F","곱셈기호","곱셈, 엑스, 취소, 곱하기, 곱셈기호","0.6"
"symbols","기호","103","➕","2795","더하기 표시","더하기, 플러스, 더하기 표시","0.6"
"symbols","기호","104","➖","2796","빼기 표시","빼기, 마이너스, 빼기 표시","0.6"
"symbols","기호","105","➗","2797","나누기 표시","나누기, 나누기 표시","0.6"
"symbols","기호","106","🟰","1F7F0","등호 기호","같음, 등호 기호","14"
"symbols","기호","107","♾️","267E-FE0F","뫼비우스","무한, 영원, 뫼비우스","11"
"symbols","기호","108","‼️","203C-FE0F","두 개의 느낌표","느낌표, 두 개의 느낌표","0.6"
"symbols","기호","109","⁉️","2049-FE0F","느낌표와 물음표","부호, 느낌표, 물음표, 느낌표와 물음표","0.6"
"symbols","기호","110","❓","2753","빨간색 물음표","물음, 의문, 질문, 물음표, 빨간색 물음표","0.6"
"symbols","기호","111","❔","2754","하얀색 물음표","물음, 의문, 질문, 하얀색 물음표","0.6"
"symbols","기호","112","❕","2755","하얀색 느낌표","느낌, 하얀색 느낌표","0.6"
"symbols","기호","113","❗","2757","빨간색 느낌표","부호, 느낌표, 빨간색 느낌표","0.6"
"symbols","기호","114","〰️","3030-FE0F","물결 모양 대시","물결, 물결표, 물결 모양 대시","0.6"
"symbols","기호","115","💱","1F4B1","화폐","돈, 환전, 교환, 화폐","0.6"
"symbols","기호","116","💲","1F4B2","미국 화폐","돈, 불, 달러화, 미국 돈, 미국 달러, 미국 화폐","0.6"
"symbols","기호","117","⚕️","2695-FE0F","의술의 신","의학, 의학 기호, 의술의 신","4"
"symbols","기호","118","♻️","267B-FE0F","재활용 표시","재활용, 재활용 표시","0.6"
"symbols","기호","119","⚜️","269C-FE0F","백합 문장","문장, 백합, 백합 문장","1"
"symbols","기호","120","🔱","1F531","삼지창","창, 삼지창","0.6"
"symbols","기호","121","📛","1F4DB","이름표","명찰, 이름표","0.6"
"symbols","기호","122","🔰","1F530","노란색 초록색 이파리 모양","초보자, 노란색 초록색, 노란색 초록색 이파리 모양","0.6"
"symbols","기호","123","⭕","2B55","크고 진한 동그라미","원, 동그라미, 크고 진한 동그라미","0.6"
"symbols","기호","124","✅","2705","체크 표시","체크, 체크 표시","0.6"
"symbols","기호","125","☑️","2611-FE0F","체크표시된 투표란","투표, 체크박스, 체크상자, 체크표시된 투표란","0.6"
"symbols","기호","126","✔️","2714-FE0F","진한 체크 표시","체크표시, 진한 체크표시, 진한 체크 표시","0.6"
"symbols","기호","127","❌","274C","엑스 표시","엑스, 엑스표, 엑스 표시","0.6"
"symbols","기호","128","❎","274E","초록 상자 안 엑스표","엑스표, 상자 안 엑스표, 초록 상자 안 엑스표","0.6"
"symbols","기호","129","➰","27B0","루프","고리, 루프","0.6"
"symbols","기호","130","➿","27BF","두 개의 루프","두 개의 고리, 두 개의 루프","1"
"symbols","기호","131","〽️","303D-FE0F","부분 교체 기호","기호, 부분, 부분 교체 기호","0.6"
"symbols","기호","132","✳️","2733-FE0F","여덟 갈래 별표","별표, 여덟 갈래 별표","0.6"
"symbols","기호","133","✴️","2734-FE0F","팔각 별","별, 팔각 별","0.6"
"symbols","기호","134","❇️","2747-FE0F","반짝임","반짝, 반짝임","0.6"
"symbols","기호","135","©️","00A9-FE0F","동그라미 c","씨, 저작권, 동그라미 c","0.6"
"symbols","기호","136","®️","00AE-FE0F","동그라미 r","알, 등록상표, 동그라미 r","0.6"
"symbols","기호","137","™️","2122-FE0F","트레이드 마크 표시","상표, 상표 표시, 트레이드 마크 표시","0.6"
"symbols","기호","138","#️⃣","0023-FE0F-20E3","키 캡: #","키 캡, 키 캡: #","0.6"
"symbols","기호","139","*️⃣","002A-FE0F-20E3","키 캡: *","키 캡, 키 캡: *","2"
"symbols","기호","140","0️⃣","0030-FE0F-20E3","키 캡: 0","키 캡, 키 캡: 0","0.6"
"symbols","기호","141","1️⃣","0031-FE0F-20E3","키 캡: 1","키 캡, 키 캡: 1","0.6"
"symbols","기호","142","2️⃣","0032-FE0F-20E3","키 캡: 2","키 캡, 키 캡: 2","0.6"
"symbols","기호","143","3️⃣","0033-FE0F-20E3","키 캡: 3","키 캡, 키 캡: 3","0.6"
"symbols","기호","144","4️⃣","0034-FE0F-20E3","키 캡: 4","키 캡, 키 캡: 4","0.6"
"symbols","기호","145","5️⃣","0035-FE0F-20E3","키 캡: 5","키 캡, 키 캡: 5","0.6"
"symbols","기호","146","6️⃣","0036-FE0F-20E3","키 캡: 6","키 캡, 키 캡: 6","0.6"
"symbols","기호","147","7️⃣","0037-FE0F-20E3","키 캡: 7","키 캡, 키 캡: 7","0.6"
"symbols","기호","148","8️⃣","0038-FE0F-20E3","키 캡: 8","키 캡, 키 캡: 8","0.6"
"symbols","기호","149","9️⃣","0039-FE0F-20E3","키 캡: 9","키 캡, 키 캡: 9","0.6"
"symbols","기호","150","🔟","1F51F","키 캡: 10","키 캡, 키 캡: 10","0.6"
"symbols","기호","151","🔠","1F520","영어 대문자","대문자, 대문자 입력, 영어 대문자","0.6"
"symbols","기호","152","🔡","1F521","영어 소문자","소문자, 소문자 입력, 영어 소문자","0.6"
"symbols","기호","153","🔢","1F522","숫자 입력","숫자, 숫자 입력","0.6"
"symbols","기호","154","🔣","1F523","기호 입력","기호, 기호 입력","0.6"
"symbols","기호","155","🔤","1F524","라틴어 알파벳 입력","라틴어 알파벳, 라틴어 알파벳 입력","0.6"
"symbols","기호","156","🅰️","1F170-FE0F","혈액형 에이형","a, 에이형, 혈액형 에이형","0.6"
"symbols","기호","157","🆎","1F18E","혈액형 에이비형","ab, 에이비형, 혈액형 에이비형","0.6"
"symbols","기호","158","🅱️","1F171-FE0F","혈액형 비형","b, 비형, 혈액형 비형","0.6"
"symbols","기호","159","🆑","1F191","네모 안에 씨엘","씨엘, cl, 씨엘 네모 안, 네모 안에 씨엘","0.6"
"symbols","기호","160","🆒","1F192","쿨 신호","쿨, cool, 쿨 신호","0.6"
"symbols","기호","161","🆓","1F193","프리 신호","프리, 자유, 자유 신호, 프리 신호","0.6"
"symbols","기호","162","ℹ️","2139-FE0F","정보 출처","i, 정보, 정보 출처","0.6"
"symbols","기호","163","🆔","1F194","아이디 표시","id, 아이디, 아이디 신호, 아이디 표시","0.6"
"symbols","기호","164","Ⓜ️","24C2-FE0F","원글자 엠","m, 원, 동그라미, 원글자 엠","0.6"
"symbols","기호","165","🆕","1F195","새로운 신호","뉴, new, 새로운, 새롭다, 뉴 신호, 새로운 소식, 새로운 신호","0.6"
"symbols","기호","166","🆖","1F196","엔지 표시","엔지, ng, 노굿, 노굿 신호, 엔지 신호, 엔지 표시","0.6"
"symbols","기호","167","🅾️","1F17E-FE0F","혈액형 오형","o, 오형, 혈액형 오형","0.6"
"symbols","기호","168","🆗","1F197","오케이 신호","네, 예, ok, 좋다, 오케이, 오케이 신호","0.6"
"symbols","기호","169","🅿️","1F17F-FE0F","주차 표시","p, 주차, 파킹, 주차장, 음각 피, 주차 표시","0.6"
"symbols","기호","170","🆘","1F198","에스오에스 신호","구조, sos, 에스오에스, 구조 신호, 에스오에스 신호","0.6"
"symbols","기호","171","🆙","1F199","위로 버튼","업, up, 위쪽으로, 위로 버튼","0.6"
"symbols","기호","172","🆚","1F19A","브이에스","대, vs, 브이에스","0.6"
"symbols","기호","173","🈁","1F201","일본어 ""여기"" 버튼","일본어, koko, 카타카나, 일본어 ""여기"" 버튼","0.6"
"symbols","기호","174","🈂️","1F202-FE0F","일본어 ""봉사료"" 버튼","sa, 일본어, 카타카나, 일본어 ""봉사료"" 버튼","0.6"
"symbols","기호","175","🈷️","1F237-FE0F","달 월","달, 개월, 한달, 달 월","0.6"
"symbols","기호","176","🈶","1F236","있을 유","있음, 있을 유","0.6"
"symbols","기호","177","🈯","1F22F","가리킬 지","지칭, 손가락, 가리키다, 가리킬 지","0.6"
"symbols","기호","178","🉐","1F250","얻을 득","이득, 이익, 획득, 얻을 득","0.6"
"symbols","기호","179","🈹","1F239","나눌 할","나눔, 분리, 나누기, 나눌 할","0.6"
"symbols","기호","180","🈚","1F21A","없을 무","없음, 없을 무","0.6"
"symbols","기호","181","🈲","1F232","금할 금","금지, 차단, 금하다, 금할 금","0.6"
"symbols","기호","182","🉑","1F251","옳을 가","맞음, 옮음, 허가, 옳을 가","0.6"
"symbols","기호","183","🈸","1F238","거듭 신","거듭 신","0.6"
"symbols","기호","184","🈴","1F234","합할 합","전체, 합하기, 합할 합","0.6"
"symbols","기호","185","🈳","1F233","텅 빈 상태","빌 공, 비어있음, 텅 빈 상태","0.6"
"symbols","기호","186","㊗️","3297-FE0F","원 표시된 축하 표의문자","축하, 중국어, 표의문자, 원 안의 축하 표의문자, 원 표시된 축하 표의문자","0.6"
"symbols","기호","187","㊙️","3299-FE0F","원 표시된 비밀 표의문자","비밀, 중국어, 표의문자, 원 표시된 비밀 표의문자","0.6"
"symbols","기호","188","🈺","1F23A","벼슬 관","벼슬 관","0.6"
"symbols","기호","189","🈵","1F235","찰 만","가득, 찰 만","0.6"
"symbols","기호","190","🔴","1F534","큰 빨간 원","원, 빨강, 빨간 원, 큰 빨간 원","0.6"
"symbols","기호","191","🟠","1F7E0","오렌지색 원","원, 오렌지색, 오렌지색 원","12"
"symbols","기호","192","🟡","1F7E1","노란색 원","원, 노란색, 노란색 원","12"
"symbols","기호","193","🟢","1F7E2","녹색 원","원, 녹색, 녹색 원","12"
"symbols","기호","194","🔵","1F535","큰 파란 원","원, 파랑, 파란 원, 큰 파란 원","0.6"
"symbols","기호","195","🟣","1F7E3","보라색 원","원, 보라색, 보라색 원","12"
"symbols","기호","196","🟤","1F7E4","갈색 원","원, 갈색, 갈색 원","12"
"symbols","기호","197","⚫","26AB","검은색 원","원, 동그라미, 검은색 원","0.6"
"symbols","기호","198","⚪","26AA","동그라미","원, 흰색 원, 동그라미","0.6"
"symbols","기호","199","🟥","1F7E5","빨간색 사각형","빨간색, 사각형, 빨간색 사각형","12"
"symbols","기호","200","🟧","1F7E7","오렌지색 사각형","사각형, 오렌지색, 오렌지색 사각형","12"
"symbols","기호","201","🟨","1F7E8","노란색 사각형","노란색, 사각형, 노란색 사각형","12"
"symbols","기호","202","🟩","1F7E9","녹색 사각형","녹색, 사각형, 녹색 사각형","12"
"symbols","기호","203","🟦","1F7E6","파란색 사각형","사각형, 파란색, 파란색 사각형","12"
"symbols","기호","204","🟪","1F7EA","보라색 사각형","보라색, 사각형, 보라색 사각형","12"
"symbols","기호","205","🟫","1F7EB","갈색 사각형","갈색, 사각형, 갈색 사각형","12"
"symbols","기호","206","⬛","2B1B","큰 검은색 사각형","무늬, 사각형, 큰 검은색 사각형","0.6"
"symbols","기호","207","⬜","2B1C","큰 흰색 사각형","무늬, 사각형, 큰 흰색 사각형","0.6"
"symbols","기호","208","◼️","25FC-FE0F","중간 검은색 사각형","무늬, 사각형, 중간 검은색 사각형","0.6"
"symbols","기호","209","◻️","25FB-FE0F","중간 흰색 사각형","무늬, 사각형, 중간 흰색 사각형","0.6"
"symbols","기호","210","◾","25FE","중각 작은 검은색 사각형","무늬, 사각형, 중각 작은 검은색 사각형","0.6"
"symbols","기호","211","◽","25FD","중간 작은 흰색 사각형","무늬, 사각형, 중간 작은 흰색 사각형","0.6"
"symbols","기호","212","▪️","25AA-FE0F","작은 검은색 사각형","무늬, 사각형, 작은 검은색 사각형","0.6"
"symbols","기호","213","▫️","25AB-FE0F","작은 흰색 사각형","무늬, 사각형, 작은 흰색 사각형","0.6"
"symbols","기호","214","🔶","1F536","큰 주황색 마름모","마름모, 주황색, 오렌지색, 큰 주황색 마름모","0.6"
"symbols","기호","215","🔷","1F537","큰 파란색 마름모","파랑, 마름모, 파란색, 큰 파란색 마름모","0.6"
"symbols","기호","216","🔸","1F538","작은 주황색 마름모","마름모, 주황색, 오렌지색, 작은 주황색 마름모","0.6"
"symbols","기호","217","🔹","1F539","작은 파란색 마름모","파랑, 마름모, 파란색, 작은 파란색 마름모","0.6"
"symbols","기호","218","🔺","1F53A","위쪽 빨간색 삼각형","빨강, 빨간색, 삼각형, 빨간색 위쪽 삼각형, 위쪽 빨간색 삼각형","0.6"
"symbols","기호","219","🔻","1F53B","아래쪽 빨간색 삼각형","빨강, 빨간색, 삼각형, 빨간색 아래쪽 삼각형, 아래쪽 빨간색 삼각형","0.6"
"symbols","기호","220","💠","1F4A0","점이 찍힌 다이아몬드 모양","마름모꼴, 다이아몬드 모양, 점이 찍힌 다이아몬드 모양","0.6"
"symbols","기호","221","🔘","1F518","라디오 버튼","버튼, 라디오, 라디오 버튼","0.6"
"symbols","기호","222","🔳","1F533","테두리가 하얀 사각 버튼","버튼, 사각형, 테두리가 하얀 사각 버튼","0.6"
"symbols","기호","223","🔲","1F532","테두리가 검은 사각 버튼","버튼, 사각형, 테두리가 검은 사각 버튼","0.6"
"flags","플래그","1","🏁","1F3C1","격자 무늬 깃발","레이싱, 스포츠, 격자 무늬, 결승선 깃발, 격자 무늬 깃발","0.6"
"flags","플래그","2","🚩","1F6A9","위치 표시 깃발","깃발, 세모 깃발, 위치 표시, 위치 표시 깃발","0.6"
"flags","플래그","3","🎌","1F38C","엇갈린 일본 국기","국기, 국가 행사, 엇갈린 일본 국기","0.6"
"flags","플래그","4","🏴","1F3F4","펄럭이는 검은색 깃발","깃발, 플래그, 펄럭이는 검은색 깃발","1"
"flags","플래그","5","🏳️","1F3F3-FE0F","펄럭이는 흰색 깃발","깃발, 항복, 플래그, 펄럭이는 흰색 깃발","0.7"
"flags","플래그","6","🏳️‍🌈","1F3F3-FE0F-200D-1F308","무지개 깃발","깃발, 무지개, 무지개 깃발","4"
"flags","플래그","7","🏳️‍⚧️","1F3F3-FE0F-200D-26A7-FE0F","트랜스젠더 깃발","깃발, 분홍색, 하늘색, 하얀색, 트랜스젠더, 트랜스젠더 깃발","13"
"flags","플래그","8","🏴‍☠️","1F3F4-200D-2620-FE0F","해골 깃발","해적, 보물섬, 약탈자, 해적 깃발, 해골 깃발","11"
"flags","플래그","9","🇦🇨","1F1E6-1F1E8","깃발: 어센션섬","AC, 깃발, 깃발: 어센션섬","2"
"flags","플래그","10","🇦🇩","1F1E6-1F1E9","깃발: 안도라","AD, 깃발, 깃발: 안도라","2"
"flags","플래그","11","🇦🇪","1F1E6-1F1EA","깃발: 아랍에미리트","AE, 깃발, 깃발: 아랍에미리트","2"
"flags","플래그","12","🇦🇫","1F1E6-1F1EB","깃발: 아프가니스탄","AF, 깃발, 깃발: 아프가니스탄","2"
"flags","플래그","13","🇦🇬","1F1E6-1F1EC","깃발: 앤티가 바부다","AG, 깃발, 깃발: 앤티가 바부다","2"
"flags","플래그","14","🇦🇮","1F1E6-1F1EE","깃발: 앵귈라","AI, 깃발, 깃발: 앵귈라","2"
"flags","플래그","15","🇦🇱","1F1E6-1F1F1","깃발: 알바니아","AL, 깃발, 깃발: 알바니아","2"
"flags","플래그","16","🇦🇲","1F1E6-1F1F2","깃발: 아르메니아","AM, 깃발, 깃발: 아르메니아","2"
"flags","플래그","17","🇦🇴","1F1E6-1F1F4","깃발: 앙골라","AO, 깃발, 깃발: 앙골라","2"
"flags","플래그","18","🇦🇶","1F1E6-1F1F6","깃발: 남극 대륙","AQ, 깃발, 깃발: 남극 대륙","2"
"flags","플래그","19","🇦🇷","1F1E6-1F1F7","깃발: 아르헨티나","AR, 깃발, 깃발: 아르헨티나","2"
"flags","플래그","20","🇦🇸","1F1E6-1F1F8","깃발: 아메리칸 사모아","AS, 깃발, 깃발: 아메리칸 사모아","2"
"flags","플래그","21","🇦🇹","1F1E6-1F1F9","깃발: 오스트리아","AT, 깃발, 깃발: 오스트리아","2"
"flags","플래그","22","🇦🇺","1F1E6-1F1FA","깃발: 오스트레일리아","AU, 깃발, 깃발: 오스트레일리아","2"
"flags","플래그","23","🇦🇼","1F1E6-1F1FC","깃발: 아루바","AW, 깃발, 깃발: 아루바","2"
"flags","플래그","24","🇦🇽","1F1E6-1F1FD","깃발: 올란드 제도","AX, 깃발, 깃발: 올란드 제도","2"
"flags","플래그","25","🇦🇿","1F1E6-1F1FF","깃발: 아제르바이잔","AZ, 깃발, 깃발: 아제르바이잔","2"
"flags","플래그","26","🇧🇦","1F1E7-1F1E6","깃발: 보스니아 헤르체고비나","BA, 깃발, 깃발: 보스니아 헤르체고비나","2"
"flags","플래그","27","🇧🇧","1F1E7-1F1E7","깃발: 바베이도스","BB, 깃발, 깃발: 바베이도스","2"
"flags","플래그","28","🇧🇩","1F1E7-1F1E9","깃발: 방글라데시","BD, 깃발, 깃발: 방글라데시","2"
"flags","플래그","29","🇧🇪","1F1E7-1F1EA","깃발: 벨기에","BE, 깃발, 깃발: 벨기에","2"
"flags","플래그","30","🇧🇫","1F1E7-1F1EB","깃발: 부르키나파소","BF, 깃발, 깃발: 부르키나파소","2"
"flags","플래그","31","🇧🇬","1F1E7-1F1EC","깃발: 불가리아","BG, 깃발, 깃발: 불가리아","2"
"flags","플래그","32","🇧🇭","1F1E7-1F1ED","깃발: 바레인","BH, 깃발, 깃발: 바레인","2"
"flags","플래그","33","🇧🇮","1F1E7-1F1EE","깃발: 부룬디","BI, 깃발, 깃발: 부룬디","2"
"flags","플래그","34","🇧🇯","1F1E7-1F1EF","깃발: 베냉","BJ, 깃발, 깃발: 베냉","2"
"flags","플래그","35","🇧🇱","1F1E7-1F1F1","깃발: 생바르텔레미","BL, 깃발, 깃발: 생바르텔레미","2"
"flags","플래그","36","🇧🇲","1F1E7-1F1F2","깃발: 버뮤다","BM, 깃발, 깃발: 버뮤다","2"
"flags","플래그","37","🇧🇳","1F1E7-1F1F3","깃발: 브루나이","BN, 깃발, 깃발: 브루나이","2"
"flags","플래그","38","🇧🇴","1F1E7-1F1F4","깃발: 볼리비아","BO, 깃발, 깃발: 볼리비아","2"
"flags","플래그","39","🇧🇶","1F1E7-1F1F6","깃발: 네덜란드령 카리브","BQ, 깃발, 깃발: 네덜란드령 카리브","2"
"flags","플래그","40","🇧🇷","1F1E7-1F1F7","깃발: 브라질","BR, 깃발, 깃발: 브라질","2"
"flags","플래그","41","🇧🇸","1F1E7-1F1F8","깃발: 바하마","BS, 깃발, 깃발: 바하마","2"
"flags","플래그","42","🇧🇹","1F1E7-1F1F9","깃발: 부탄","BT, 깃발, 깃발: 부탄","2"
"flags","플래그","43","🇧🇻","1F1E7-1F1FB","깃발: 부베섬","BV, 깃발, 깃발: 부베섬","2"
"flags","플래그","44","🇧🇼","1F1E7-1F1FC","깃발: 보츠와나","BW, 깃발, 깃발: 보츠와나","2"
"flags","플래그","45","🇧🇾","1F1E7-1F1FE","깃발: 벨라루스","BY, 깃발, 깃발: 벨라루스","2"
"flags","플래그","46","🇧🇿","1F1E7-1F1FF","깃발: 벨리즈","BZ, 깃발, 깃발: 벨리즈","2"
"flags","플래그","47","🇨🇦","1F1E8-1F1E6","깃발: 캐나다","CA, 깃발, 깃발: 캐나다","2"
"flags","플래그","48","🇨🇨","1F1E8-1F1E8","깃발: 코코스 제도","CC, 깃발, 깃발: 코코스 제도","2"
"flags","플래그","49","🇨🇩","1F1E8-1F1E9","깃발: 콩고 킨샤사","CD, 깃발, 깃발: 콩고 킨샤사","2"
"flags","플래그","50","🇨🇫","1F1E8-1F1EB","깃발: 중앙 아프리카 공화국","CF, 깃발, 깃발: 중앙 아프리카 공화국","2"
"flags","플래그","51","🇨🇬","1F1E8-1F1EC","깃발: 콩고 브라자빌","CG, 깃발, 깃발: 콩고 브라자빌","2"
"flags","플래그","52","🇨🇭","1F1E8-1F1ED","깃발: 스위스","CH, 깃발, 깃발: 스위스","2"
"flags","플래그","53","🇨🇮","1F1E8-1F1EE","깃발: 코트디부아르","CI, 깃발, 깃발: 코트디부아르","2"
"flags","플래그","54","🇨🇰","1F1E8-1F1F0","깃발: 쿡 제도","CK, 깃발, 깃발: 쿡 제도","2"
"flags","플래그","55","🇨🇱","1F1E8-1F1F1","깃발: 칠레","CL, 깃발, 깃발: 칠레","2"
"flags","플래그","56","🇨🇲","1F1E8-1F1F2","깃발: 카메룬","CM, 깃발, 깃발: 카메룬","2"
"flags","플래그","57","🇨🇳","1F1E8-1F1F3","깃발: 중국","CN, 깃발, 깃발: 중국","0.6"
"flags","플래그","58","🇨🇴","1F1E8-1F1F4","깃발: 콜롬비아","CO, 깃발, 깃발: 콜롬비아","2"
"flags","플래그","59","🇨🇵","1F1E8-1F1F5","깃발: 클리퍼턴섬","CP, 깃발, 깃발: 클리퍼턴섬","2"
"flags","플래그","60","🇨🇷","1F1E8-1F1F7","깃발: 코스타리카","CR, 깃발, 깃발: 코스타리카","2"
"flags","플래그","61","🇨🇺","1F1E8-1F1FA","깃발: 쿠바","CU, 깃발, 깃발: 쿠바","2"
"flags","플래그","62","🇨🇻","1F1E8-1F1FB","깃발: 카보베르데","CV, 깃발, 깃발: 카보베르데","2"
"flags","플래그","63","🇨🇼","1F1E8-1F1FC","깃발: 퀴라소","CW, 깃발, 깃발: 퀴라소","2"
"flags","플래그","64","🇨🇽","1F1E8-1F1FD","깃발: 크리스마스섬","CX, 깃발, 깃발: 크리스마스섬","2"
"flags","플래그","65","🇨🇾","1F1E8-1F1FE","깃발: 키프로스","CY, 깃발, 깃발: 키프로스","2"
"flags","플래그","66","🇨🇿","1F1E8-1F1FF","깃발: 체코","CZ, 깃발, 깃발: 체코","2"
"flags","플래그","67","🇩🇪","1F1E9-1F1EA","깃발: 독일","DE, 깃발, 깃발: 독일","0.6"
"flags","플래그","68","🇩🇬","1F1E9-1F1EC","깃발: 디에고 가르시아","DG, 깃발, 깃발: 디에고 가르시아","2"
"flags","플래그","69","🇩🇯","1F1E9-1F1EF","깃발: 지부티","DJ, 깃발, 깃발: 지부티","2"
"flags","플래그","70","🇩🇰","1F1E9-1F1F0","깃발: 덴마크","DK, 깃발, 깃발: 덴마크","2"
"flags","플래그","71","🇩🇲","1F1E9-1F1F2","깃발: 도미니카","DM, 깃발, 깃발: 도미니카","2"
"flags","플래그","72","🇩🇴","1F1E9-1F1F4","깃발: 도미니카 공화국","DO, 깃발, 깃발: 도미니카 공화국","2"
"flags","플래그","73","🇩🇿","1F1E9-1F1FF","깃발: 알제리","DZ, 깃발, 깃발: 알제리","2"
"flags","플래그","74","🇪🇦","1F1EA-1F1E6","깃발: 세우타 및 멜리야","EA, 깃발, 깃발: 세우타 및 멜리야","2"
"flags","플래그","75","🇪🇨","1F1EA-1F1E8","깃발: 에콰도르","EC, 깃발, 깃발: 에콰도르","2"
"flags","플래그","76","🇪🇪","1F1EA-1F1EA","깃발: 에스토니아","EE, 깃발, 깃발: 에스토니아","2"
"flags","플래그","77","🇪🇬","1F1EA-1F1EC","깃발: 이집트","EG, 깃발, 깃발: 이집트","2"
"flags","플래그","78","🇪🇭","1F1EA-1F1ED","깃발: 서사하라","EH, 깃발, 깃발: 서사하라","2"
"flags","플래그","79","🇪🇷","1F1EA-1F1F7","깃발: 에리트리아","ER, 깃발, 깃발: 에리트리아","2"
"flags","플래그","80","🇪🇸","1F1EA-1F1F8","깃발: 스페인","ES, 깃발, 깃발: 스페인","0.6"
"flags","플래그","81","🇪🇹","1F1EA-1F1F9","깃발: 에티오피아","ET, 깃발, 깃발: 에티오피아","2"
"flags","플래그","82","🇪🇺","1F1EA-1F1FA","깃발: 유럽 연합","EU, 깃발, 깃발: 유럽 연합","2"
"flags","플래그","83","🇫🇮","1F1EB-1F1EE","깃발: 핀란드","FI, 깃발, 깃발: 핀란드","2"
"flags","플래그","84","🇫🇯","1F1EB-1F1EF","깃발: 피지","FJ, 깃발, 깃발: 피지","2"
"flags","플래그","85","🇫🇰","1F1EB-1F1F0","깃발: 포클랜드 제도","FK, 깃발, 깃발: 포클랜드 제도","2"
"flags","플래그","86","🇫🇲","1F1EB-1F1F2","깃발: 미크로네시아","FM, 깃발, 깃발: 미크로네시아","2"
"flags","플래그","87","🇫🇴","1F1EB-1F1F4","깃발: 페로 제도","FO, 깃발, 깃발: 페로 제도","2"
"flags","플래그","88","🇫🇷","1F1EB-1F1F7","깃발: 프랑스","FR, 깃발, 깃발: 프랑스","0.6"
"flags","플래그","89","🇬🇦","1F1EC-1F1E6","깃발: 가봉","GA, 깃발, 깃발: 가봉","2"
"flags","플래그","90","🇬🇧","1F1EC-1F1E7","깃발: 영국","GB, 깃발, 깃발: 영국","0.6"
"flags","플래그","91","🇬🇩","1F1EC-1F1E9","깃발: 그레나다","GD, 깃발, 깃발: 그레나다","2"
"flags","플래그","92","🇬🇪","1F1EC-1F1EA","깃발: 조지아","GE, 깃발, 깃발: 조지아","2"
"flags","플래그","93","🇬🇫","1F1EC-1F1EB","깃발: 프랑스령 기아나","GF, 깃발, 깃발: 프랑스령 기아나","2"
"flags","플래그","94","🇬🇬","1F1EC-1F1EC","깃발: 건지","GG, 깃발, 깃발: 건지","2"
"flags","플래그","95","🇬🇭","1F1EC-1F1ED","깃발: 가나","GH, 깃발, 깃발: 가나","2"
"flags","플래그","96","🇬🇮","1F1EC-1F1EE","깃발: 지브롤터","GI, 깃발, 깃발: 지브롤터","2"
"flags","플래그","97","🇬🇱","1F1EC-1F1F1","깃발: 그린란드","GL, 깃발, 깃발: 그린란드","2"
"flags","플래그","98","🇬🇲","1F1EC-1F1F2","깃발: 감비아","GM, 깃발, 깃발: 감비아","2"
"flags","플래그","99","🇬🇳","1F1EC-1F1F3","깃발: 기니","GN, 깃발, 깃발: 기니","2"
"flags","플래그","100","🇬🇵","1F1EC-1F1F5","깃발: 과들루프","GP, 깃발, 깃발: 과들루프","2"
"flags","플래그","101","🇬🇶","1F1EC-1F1F6","깃발: 적도 기니","GQ, 깃발, 깃발: 적도 기니","2"
"flags","플래그","102","🇬🇷","1F1EC-1F1F7","깃발: 그리스","GR, 깃발, 깃발: 그리스","2"
"flags","플래그","103","🇬🇸","1F1EC-1F1F8","깃발: 사우스조지아 사우스샌드위치 제도","GS, 깃발, 깃발: 사우스조지아 사우스샌드위치 제도","2"
"flags","플래그","104","🇬🇹","1F1EC-1F1F9","깃발: 과테말라","GT, 깃발, 깃발: 과테말라","2"
"flags","플래그","105","🇬🇺","1F1EC-1F1FA","깃발: 괌","GU, 깃발, 깃발: 괌","2"
"flags","플래그","106","🇬🇼","1F1EC-1F1FC","깃발: 기니비사우","GW, 깃발, 깃발: 기니비사우","2"
"flags","플래그","107","🇬🇾","1F1EC-1F1FE","깃발: 가이아나","GY, 깃발, 깃발: 가이아나","2"
"flags","플래그","108","🇭🇰","1F1ED-1F1F0","깃발: 홍콩(중국 특별행정구)","HK, 깃발, 깃발: 홍콩(중국 특별행정구)","2"
"flags","플래그","109","🇭🇲","1F1ED-1F1F2","깃발: 허드 맥도널드 제도","HM, 깃발, 깃발: 허드 맥도널드 제도","2"
"flags","플래그","110","🇭🇳","1F1ED-1F1F3","깃발: 온두라스","HN, 깃발, 깃발: 온두라스","2"
"flags","플래그","111","🇭🇷","1F1ED-1F1F7","깃발: 크로아티아","HR, 깃발, 깃발: 크로아티아","2"
"flags","플래그","112","🇭🇹","1F1ED-1F1F9","깃발: 아이티","HT, 깃발, 깃발: 아이티","2"
"flags","플래그","113","🇭🇺","1F1ED-1F1FA","깃발: 헝가리","HU, 깃발, 깃발: 헝가리","2"
"flags","플래그","114","🇮🇨","1F1EE-1F1E8","깃발: 카나리아 제도","IC, 깃발, 깃발: 카나리아 제도","2"
"flags","플래그","115","🇮🇩","1F1EE-1F1E9","깃발: 인도네시아","ID, 깃발, 깃발: 인도네시아","2"
"flags","플래그","116","🇮🇪","1F1EE-1F1EA","깃발: 아일랜드","IE, 깃발, 깃발: 아일랜드","2"
"flags","플래그","117","🇮🇱","1F1EE-1F1F1","깃발: 이스라엘","IL, 깃발, 깃발: 이스라엘","2"
"flags","플래그","118","🇮🇲","1F1EE-1F1F2","깃발: 맨섬","IM, 깃발, 깃발: 맨섬","2"
"flags","플래그","119","🇮🇳","1F1EE-1F1F3","깃발: 인도","IN, 깃발, 깃발: 인도","2"
"flags","플래그","120","🇮🇴","1F1EE-1F1F4","깃발: 영국령 인도양 지역","IO, 깃발, 깃발: 영국령 인도양 지역","2"
"flags","플래그","121","🇮🇶","1F1EE-1F1F6","깃발: 이라크","IQ, 깃발, 깃발: 이라크","2"
"flags","플래그","122","🇮🇷","1F1EE-1F1F7","깃발: 이란","IR, 깃발, 깃발: 이란","2"
"flags","플래그","123","🇮🇸","1F1EE-1F1F8","깃발: 아이슬란드","IS, 깃발, 깃발: 아이슬란드","2"
"flags","플래그","124","🇮🇹","1F1EE-1F1F9","깃발: 이탈리아","IT, 깃발, 깃발: 이탈리아","0.6"
"flags","플래그","125","🇯🇪","1F1EF-1F1EA","깃발: 저지","JE, 깃발, 깃발: 저지","2"
"flags","플래그","126","🇯🇲","1F1EF-1F1F2","깃발: 자메이카","JM, 깃발, 깃발: 자메이카","2"
"flags","플래그","127","🇯🇴","1F1EF-1F1F4","깃발: 요르단","JO, 깃발, 깃발: 요르단","2"
"flags","플래그","128","🇯🇵","1F1EF-1F1F5","깃발: 일본","JP, 깃발, 깃발: 일본","0.6"
"flags","플래그","129","🇰🇪","1F1F0-1F1EA","깃발: 케냐","KE, 깃발, 깃발: 케냐","2"
"flags","플래그","130","🇰🇬","1F1F0-1F1EC","깃발: 키르기스스탄","KG, 깃발, 깃발: 키르기스스탄","2"
"flags","플래그","131","🇰🇭","1F1F0-1F1ED","깃발: 캄보디아","KH, 깃발, 깃발: 캄보디아","2"
"flags","플래그","132","🇰🇮","1F1F0-1F1EE","깃발: 키리바시","KI, 깃발, 깃발: 키리바시","2"
"flags","플래그","133","🇰🇲","1F1F0-1F1F2","깃발: 코모로","KM, 깃발, 깃발: 코모로","2"
"flags","플래그","134","🇰🇳","1F1F0-1F1F3","깃발: 세인트키츠 네비스","KN, 깃발, 깃발: 세인트키츠 네비스","2"
"flags","플래그","135","🇰🇵","1F1F0-1F1F5","깃발: 북한","KP, 깃발, 깃발: 북한","2"
"flags","플래그","136","🇰🇷","1F1F0-1F1F7","깃발: 대한민국","KR, 깃발, 깃발: 대한민국","0.6"
"flags","플래그","137","🇰🇼","1F1F0-1F1FC","깃발: 쿠웨이트","KW, 깃발, 깃발: 쿠웨이트","2"
"flags","플래그","138","🇰🇾","1F1F0-1F1FE","깃발: 케이맨 제도","KY, 깃발, 깃발: 케이맨 제도","2"
"flags","플래그","139","🇰🇿","1F1F0-1F1FF","깃발: 카자흐스탄","KZ, 깃발, 깃발: 카자흐스탄","2"
"flags","플래그","140","🇱🇦","1F1F1-1F1E6","깃발: 라오스","LA, 깃발, 깃발: 라오스","2"
"flags","플래그","141","🇱🇧","1F1F1-1F1E7","깃발: 레바논","LB, 깃발, 깃발: 레바논","2"
"flags","플래그","142","🇱🇨","1F1F1-1F1E8","깃발: 세인트루시아","LC, 깃발, 깃발: 세인트루시아","2"
"flags","플래그","143","🇱🇮","1F1F1-1F1EE","깃발: 리히텐슈타인","LI, 깃발, 깃발: 리히텐슈타인","2"
"flags","플래그","144","🇱🇰","1F1F1-1F1F0","깃발: 스리랑카","LK, 깃발, 깃발: 스리랑카","2"
"flags","플래그","145","🇱🇷","1F1F1-1F1F7","깃발: 라이베리아","LR, 깃발, 깃발: 라이베리아","2"
"flags","플래그","146","🇱🇸","1F1F1-1F1F8","깃발: 레소토","LS, 깃발, 깃발: 레소토","2"
"flags","플래그","147","🇱🇹","1F1F1-1F1F9","깃발: 리투아니아","LT, 깃발, 깃발: 리투아니아","2"
"flags","플래그","148","🇱🇺","1F1F1-1F1FA","깃발: 룩셈부르크","LU, 깃발, 깃발: 룩셈부르크","2"
"flags","플래그","149","🇱🇻","1F1F1-1F1FB","깃발: 라트비아","LV, 깃발, 깃발: 라트비아","2"
"flags","플래그","150","🇱🇾","1F1F1-1F1FE","깃발: 리비아","LY, 깃발, 깃발: 리비아","2"
"flags","플래그","151","🇲🇦","1F1F2-1F1E6","깃발: 모로코","MA, 깃발, 깃발: 모로코","2"
"flags","플래그","152","🇲🇨","1F1F2-1F1E8","깃발: 모나코","MC, 깃발, 깃발: 모나코","2"
"flags","플래그","153","🇲🇩","1F1F2-1F1E9","깃발: 몰도바","MD, 깃발, 깃발: 몰도바","2"
"flags","플래그","154","🇲🇪","1F1F2-1F1EA","깃발: 몬테네그로","ME, 깃발, 깃발: 몬테네그로","2"
"flags","플래그","155","🇲🇫","1F1F2-1F1EB","깃발: 생마르탱","MF, 깃발, 깃발: 생마르탱","2"
"flags","플래그","156","🇲🇬","1F1F2-1F1EC","깃발: 마다가스카르","MG, 깃발, 깃발: 마다가스카르","2"
"flags","플래그","157","🇲🇭","1F1F2-1F1ED","깃발: 마셜 제도","MH, 깃발, 깃발: 마셜 제도","2"
"flags","플래그","158","🇲🇰","1F1F2-1F1F0","깃발: 북마케도니아","MK, 깃발, 깃발: 북마케도니아","2"
"flags","플래그","159","🇲🇱","1F1F2-1F1F1","깃발: 말리","ML, 깃발, 깃발: 말리","2"
"flags","플래그","160","🇲🇲","1F1F2-1F1F2","깃발: 미얀마","MM, 깃발, 깃발: 미얀마","2"
"flags","플래그","161","🇲🇳","1F1F2-1F1F3","깃발: 몽골","MN, 깃발, 깃발: 몽골","2"
"flags","플래그","162","🇲🇴","1F1F2-1F1F4","깃발: 마카오(중국 특별행정구)","MO, 깃발, 깃발: 마카오(중국 특별행정구)","2"
"flags","플래그","163","🇲🇵","1F1F2-1F1F5","깃발: 북마리아나제도","MP, 깃발, 깃발: 북마리아나제도","2"
"flags","플래그","164","🇲🇶","1F1F2-1F1F6","깃발: 마르티니크","MQ, 깃발, 깃발: 마르티니크","2"
"flags","플래그","165","🇲🇷","1F1F2-1F1F7","깃발: 모리타니","MR, 깃발, 깃발: 모리타니","2"
"flags","플래그","166","🇲🇸","1F1F2-1F1F8","깃발: 몬트세라트","MS, 깃발, 깃발: 몬트세라트","2"
"flags","플래그","167","🇲🇹","1F1F2-1F1F9","깃발: 몰타","MT, 깃발, 깃발: 몰타","2"
"flags","플래그","168","🇲🇺","1F1F2-1F1FA","깃발: 모리셔스","MU, 깃발, 깃발: 모리셔스","2"
"flags","플래그","169","🇲🇻","1F1F2-1F1FB","깃발: 몰디브","MV, 깃발, 깃발: 몰디브","2"
"flags","플래그","170","🇲🇼","1F1F2-1F1FC","깃발: 말라위","MW, 깃발, 깃발: 말라위","2"
"flags","플래그","171","🇲🇽","1F1F2-1F1FD","깃발: 멕시코","MX, 깃발, 깃발: 멕시코","2"
"flags","플래그","172","🇲🇾","1F1F2-1F1FE","깃발: 말레이시아","MY, 깃발, 깃발: 말레이시아","2"
"flags","플래그","173","🇲🇿","1F1F2-1F1FF","깃발: 모잠비크","MZ, 깃발, 깃발: 모잠비크","2"
"flags","플래그","174","🇳🇦","1F1F3-1F1E6","깃발: 나미비아","NA, 깃발, 깃발: 나미비아","2"
"flags","플래그","175","🇳🇨","1F1F3-1F1E8","깃발: 뉴칼레도니아","NC, 깃발, 깃발: 뉴칼레도니아","2"
"flags","플래그","176","🇳🇪","1F1F3-1F1EA","깃발: 니제르","NE, 깃발, 깃발: 니제르","2"
"flags","플래그","177","🇳🇫","1F1F3-1F1EB","깃발: 노퍽섬","NF, 깃발, 깃발: 노퍽섬","2"
"flags","플래그","178","🇳🇬","1F1F3-1F1EC","깃발: 나이지리아","NG, 깃발, 깃발: 나이지리아","2"
"flags","플래그","179","🇳🇮","1F1F3-1F1EE","깃발: 니카라과","NI, 깃발, 깃발: 니카라과","2"
"flags","플래그","180","🇳🇱","1F1F3-1F1F1","깃발: 네덜란드","NL, 깃발, 깃발: 네덜란드","2"
"flags","플래그","181","🇳🇴","1F1F3-1F1F4","깃발: 노르웨이","NO, 깃발, 깃발: 노르웨이","2"
"flags","플래그","182","🇳🇵","1F1F3-1F1F5","깃발: 네팔","NP, 깃발, 깃발: 네팔","2"
"flags","플래그","183","🇳🇷","1F1F3-1F1F7","깃발: 나우루","NR, 깃발, 깃발: 나우루","2"
"flags","플래그","184","🇳🇺","1F1F3-1F1FA","깃발: 니우에","NU, 깃발, 깃발: 니우에","2"
"flags","플래그","185","🇳🇿","1F1F3-1F1FF","깃발: 뉴질랜드","NZ, 깃발, 깃발: 뉴질랜드","2"
"flags","플래그","186","🇴🇲","1F1F4-1F1F2","깃발: 오만","OM, 깃발, 깃발: 오만","2"
"flags","플래그","187","🇵🇦","1F1F5-1F1E6","깃발: 파나마","PA, 깃발, 깃발: 파나마","2"
"flags","플래그","188","🇵🇪","1F1F5-1F1EA","깃발: 페루","PE, 깃발, 깃발: 페루","2"
"flags","플래그","189","🇵🇫","1F1F5-1F1EB","깃발: 프랑스령 폴리네시아","PF, 깃발, 깃발: 프랑스령 폴리네시아","2"
"flags","플래그","190","🇵🇬","1F1F5-1F1EC","깃발: 파푸아뉴기니","PG, 깃발, 깃발: 파푸아뉴기니","2"
"flags","플래그","191","🇵🇭","1F1F5-1F1ED","깃발: 필리핀","PH, 깃발, 깃발: 필리핀","2"
"flags","플래그","192","🇵🇰","1F1F5-1F1F0","깃발: 파키스탄","PK, 깃발, 깃발: 파키스탄","2"
"flags","플래그","193","🇵🇱","1F1F5-1F1F1","깃발: 폴란드","PL, 깃발, 깃발: 폴란드","2"
"flags","플래그","194","🇵🇲","1F1F5-1F1F2","깃발: 생피에르 미클롱","PM, 깃발, 깃발: 생피에르 미클롱","2"
"flags","플래그","195","🇵🇳","1F1F5-1F1F3","깃발: 핏케언 제도","PN, 깃발, 깃발: 핏케언 제도","2"
"flags","플래그","196","🇵🇷","1F1F5-1F1F7","깃발: 푸에르토리코","PR, 깃발, 깃발: 푸에르토리코","2"
"flags","플래그","197","🇵🇸","1F1F5-1F1F8","깃발: 팔레스타인 지구","PS, 깃발, 깃발: 팔레스타인 지구","2"
"flags","플래그","198","🇵🇹","1F1F5-1F1F9","깃발: 포르투갈","PT, 깃발, 깃발: 포르투갈","2"
"flags","플래그","199","🇵🇼","1F1F5-1F1FC","깃발: 팔라우","PW, 깃발, 깃발: 팔라우","2"
"flags","플래그","200","🇵🇾","1F1F5-1F1FE","깃발: 파라과이","PY, 깃발, 깃발: 파라과이","2"
"flags","플래그","201","🇶🇦","1F1F6-1F1E6","깃발: 카타르","QA, 깃발, 깃발: 카타르","2"
"flags","플래그","202","🇷🇪","1F1F7-1F1EA","깃발: 레위니옹","RE, 깃발, 깃발: 레위니옹","2"
"flags","플래그","203","🇷🇴","1F1F7-1F1F4","깃발: 루마니아","RO, 깃발, 깃발: 루마니아","2"
"flags","플래그","204","🇷🇸","1F1F7-1F1F8","깃발: 세르비아","RS, 깃발, 깃발: 세르비아","2"
"flags","플래그","205","🇷🇺","1F1F7-1F1FA","깃발: 러시아","RU, 깃발, 깃발: 러시아","0.6"
"flags","플래그","206","🇷🇼","1F1F7-1F1FC","깃발: 르완다","RW, 깃발, 깃발: 르완다","2"
"flags","플래그","207","🇸🇦","1F1F8-1F1E6","깃발: 사우디아라비아","SA, 깃발, 깃발: 사우디아라비아","2"
"flags","플래그","208","🇸🇧","1F1F8-1F1E7","깃발: 솔로몬 제도","SB, 깃발, 깃발: 솔로몬 제도","2"
"flags","플래그","209","🇸🇨","1F1F8-1F1E8","깃발: 세이셸","SC, 깃발, 깃발: 세이셸","2"
"flags","플래그","210","🇸🇩","1F1F8-1F1E9","깃발: 수단","SD, 깃발, 깃발: 수단","2"
"flags","플래그","211","🇸🇪","1F1F8-1F1EA","깃발: 스웨덴","SE, 깃발, 깃발: 스웨덴","2"
"flags","플래그","212","🇸🇬","1F1F8-1F1EC","깃발: 싱가포르","SG, 깃발, 깃발: 싱가포르","2"
"flags","플래그","213","🇸🇭","1F1F8-1F1ED","깃발: 세인트헬레나","SH, 깃발, 깃발: 세인트헬레나","2"
"flags","플래그","214","🇸🇮","1F1F8-1F1EE","깃발: 슬로베니아","SI, 깃발, 깃발: 슬로베니아","2"
"flags","플래그","215","🇸🇯","1F1F8-1F1EF","깃발: 스발바르제도 얀마웬섬","SJ, 깃발, 깃발: 스발바르제도 얀마웬섬","2"
"flags","플래그","216","🇸🇰","1F1F8-1F1F0","깃발: 슬로바키아","SK, 깃발, 깃발: 슬로바키아","2"
"flags","플래그","217","🇸🇱","1F1F8-1F1F1","깃발: 시에라리온","SL, 깃발, 깃발: 시에라리온","2"
"flags","플래그","218","🇸🇲","1F1F8-1F1F2","깃발: 산마리노","SM, 깃발, 깃발: 산마리노","2"
"flags","플래그","219","🇸🇳","1F1F8-1F1F3","깃발: 세네갈","SN, 깃발, 깃발: 세네갈","2"
"flags","플래그","220","🇸🇴","1F1F8-1F1F4","깃발: 소말리아","SO, 깃발, 깃발: 소말리아","2"
"flags","플래그","221","🇸🇷","1F1F8-1F1F7","깃발: 수리남","SR, 깃발, 깃발: 수리남","2"
"flags","플래그","222","🇸🇸","1F1F8-1F1F8","깃발: 남수단","SS, 깃발, 깃발: 남수단","2"
"flags","플래그","223","🇸🇹","1F1F8-1F1F9","깃발: 상투메 프린시페","ST, 깃발, 깃발: 상투메 프린시페","2"
"flags","플래그","224","🇸🇻","1F1F8-1F1FB","깃발: 엘살바도르","SV, 깃발, 깃발: 엘살바도르","2"
"flags","플래그","225","🇸🇽","1F1F8-1F1FD","깃발: 신트마르턴","SX, 깃발, 깃발: 신트마르턴","2"
"flags","플래그","226","🇸🇾","1F1F8-1F1FE","깃발: 시리아","SY, 깃발, 깃발: 시리아","2"
"flags","플래그","227","🇸🇿","1F1F8-1F1FF","깃발: 에스와티니","SZ, 깃발, 깃발: 에스와티니","2"
"flags","플래그","228","🇹🇦","1F1F9-1F1E6","깃발: 트리스탄다쿠나","TA, 깃발, 깃발: 트리스탄다쿠나","2"
"flags","플래그","229","🇹🇨","1F1F9-1F1E8","깃발: 터크스 케이커스 제도","TC, 깃발, 깃발: 터크스 케이커스 제도","2"
"flags","플래그","230","🇹🇩","1F1F9-1F1E9","깃발: 차드","TD, 깃발, 깃발: 차드","2"
"flags","플래그","231","🇹🇫","1F1F9-1F1EB","깃발: 프랑스령 남방 지역","TF, 깃발, 깃발: 프랑스령 남방 지역","2"
"flags","플래그","232","🇹🇬","1F1F9-1F1EC","깃발: 토고","TG, 깃발, 깃발: 토고","2"
"flags","플래그","233","🇹🇭","1F1F9-1F1ED","깃발: 태국","TH, 깃발, 깃발: 태국","2"
"flags","플래그","234","🇹🇯","1F1F9-1F1EF","깃발: 타지키스탄","TJ, 깃발, 깃발: 타지키스탄","2"
"flags","플래그","235","🇹🇰","1F1F9-1F1F0","깃발: 토켈라우","TK, 깃발, 깃발: 토켈라우","2"
"flags","플래그","236","🇹🇱","1F1F9-1F1F1","깃발: 동티모르","TL, 깃발, 깃발: 동티모르","2"
"flags","플래그","237","🇹🇲","1F1F9-1F1F2","깃발: 투르크메니스탄","TM, 깃발, 깃발: 투르크메니스탄","2"
"flags","플래그","238","🇹🇳","1F1F9-1F1F3","깃발: 튀니지","TN, 깃발, 깃발: 튀니지","2"
"flags","플래그","239","🇹🇴","1F1F9-1F1F4","깃발: 통가","TO, 깃발, 깃발: 통가","2"
"flags","플래그","240","🇹🇷","1F1F9-1F1F7","깃발: 튀르키예","TR, 깃발, 깃발: 튀르키예","2"
"flags","플래그","241","🇹🇹","1F1F9-1F1F9","깃발: 트리니다드 토바고","TT, 깃발, 깃발: 트리니다드 토바고","2"
"flags","플래그","242","🇹🇻","1F1F9-1F1FB","깃발: 투발루","TV, 깃발, 깃발: 투발루","2"
"flags","플래그","243","🇹🇼","1F1F9-1F1FC","깃발: 대만","TW, 깃발, 깃발: 대만","2"
"flags","플래그","244","🇹🇿","1F1F9-1F1FF","깃발: 탄자니아","TZ, 깃발, 깃발: 탄자니아","2"
"flags","플래그","245","🇺🇦","1F1FA-1F1E6","깃발: 우크라이나","UA, 깃발, 깃발: 우크라이나","2"
"flags","플래그","246","🇺🇬","1F1FA-1F1EC","깃발: 우간다","UG, 깃발, 깃발: 우간다","2"
"flags","플래그","247","🇺🇲","1F1FA-1F1F2","깃발: 미국령 해외 제도","UM, 깃발, 깃발: 미국령 해외 제도","2"
"flags","플래그","248","🇺🇳","1F1FA-1F1F3","깃발: 국제연합","UN, 깃발, 깃발: 국제연합","4"
"flags","플래그","249","🇺🇸","1F1FA-1F1F8","깃발: 미국","US, 깃발, 깃발: 미국","0.6"
"flags","플래그","250","🇺🇾","1F1FA-1F1FE","깃발: 우루과이","UY, 깃발, 깃발: 우루과이","2"
"flags","플래그","251","🇺🇿","1F1FA-1F1FF","깃발: 우즈베키스탄","UZ, 깃발, 깃발: 우즈베키스탄","2"
"flags","플래그","252","🇻🇦","1F1FB-1F1E6","깃발: 바티칸 시국","VA, 깃발, 깃발: 바티칸 시국","2"
"flags","플래그","253","🇻🇨","1F1FB-1F1E8","깃발: 세인트빈센트그레나딘","VC, 깃발, 깃발: 세인트빈센트그레나딘","2"
"flags","플래그","254","🇻🇪","1F1FB-1F1EA","깃발: 베네수엘라","VE, 깃발, 깃발: 베네수엘라","2"
"flags","플래그","255","🇻🇬","1F1FB-1F1EC","깃발: 영국령 버진아일랜드","VG, 깃발, 깃발: 영국령 버진아일랜드","2"
"flags","플래그","256","🇻🇮","1F1FB-1F1EE","깃발: 미국령 버진아일랜드","VI, 깃발, 깃발: 미국령 버진아일랜드","2"
"flags","플래그","257","🇻🇳","1F1FB-1F1F3","깃발: 베트남","VN, 깃발, 깃발: 베트남","2"
"flags","플래그","258","🇻🇺","1F1FB-1F1FA","깃발: 바누아투","VU, 깃발, 깃발: 바누아투","2"
"flags","플래그","259","🇼🇫","1F1FC-1F1EB","깃발: 왈리스 푸투나 제도","WF, 깃발, 깃발: 왈리스 푸투나 제도","2"
"flags","플래그","260","🇼🇸","1F1FC-1F1F8","깃발: 사모아","WS, 깃발, 깃발: 사모아","2"
"flags","플래그","261","🇽🇰","1F1FD-1F1F0","깃발: 코소보","XK, 깃발, 깃발: 코소보","2"
"flags","플래그","262","🇾🇪","1F1FE-1F1EA","깃발: 예멘","YE, 깃발, 깃발: 예멘","2"
"flags","플래그","263","🇾🇹","1F1FE-1F1F9","깃발: 마요트","YT, 깃발, 깃발: 마요트","2"
"flags","플래그","264","🇿🇦","1F1FF-1F1E6","깃발: 남아프리카","ZA, 깃발, 깃발: 남아프리카","2"
"flags","플래그","265","🇿🇲","1F1FF-1F1F2","깃발: 잠비아","ZM, 깃발, 깃발: 잠비아","2"
"flags","플래그","266","🇿🇼","1F1FF-1F1FC","깃발: 짐바브웨","ZW, 깃발, 깃발: 짐바브웨","2"
"flags","플래그","267","🏴󠁧󠁢󠁥󠁮󠁧󠁿","1F3F4-E0067-E0062-E0065-E006E-E0067-E007F","깃발: 잉글랜드","깃발, gbeng, 깃발: 잉글랜드","5"
"flags","플래그","268","🏴󠁧󠁢󠁳󠁣󠁴󠁿","1F3F4-E0067-E0062-E0073-E0063-E0074-E007F","깃발: 스코틀랜드","깃발, gbsct, 깃발: 스코틀랜드","5"
"flags","플래그","269","🏴󠁧󠁢󠁷󠁬󠁳󠁿","1F3F4-E0067-E0062-E0077-E006C-E0073-E007F","깃발: 웨일즈","깃발, gbwls, 깃발: 웨일즈","5"